"Kilometres","Zone","Bonus","Make","Insured","Claims","Payment","perd"
"1","1",1,"1",455.13,108,392491,3634.17592592593
"1","1",1,"2",69.17,19,46221,2432.68421052632
"1","1",1,"3",72.88,13,15694,1207.23076923077
"1","1",1,"4",1292.39,124,422201,3404.84677419355
"1","1",1,"5",191.01,40,119373,2984.325
"1","1",1,"6",477.66,57,170913,2998.47368421053
"1","1",1,"7",105.58,23,56940,2475.65217391304
"1","1",1,"8",32.55,14,77487,5534.78571428571
"1","1",1,"9",9998.46,1704,6805992,3994.12676056338
"1","1",2,"1",314.58,45,214011,4755.8
"1","1",2,"2",61.82,10,65303,6530.3
"1","1",2,"3",47.06,5,20871,4174.2
"1","1",2,"4",782.58,48,242894,5060.29166666667
"1","1",2,"5",115.43,11,23545,2140.45454545455
"1","1",2,"6",338.06,23,39598,1721.65217391304
"1","1",2,"7",70.44,7,48767,6966.71428571429
"1","1",2,"8",15.25,2,6560,3280
"1","1",2,"9",6416.19,638,2873487,4503.89811912226
"1","1",3,"1",309.98,24,134931,5622.125
"1","1",3,"2",49.18,6,50908,8484.66666666667
"1","1",3,"3",32.02,3,4399,1466.33333333333
"1","1",3,"4",497.2,23,112992,4912.69565217391
"1","1",3,"5",73.48,6,14788,2464.66666666667
"1","1",3,"6",278.01,9,48713,5412.55555555556
"1","1",3,"7",66.36,9,52076,5786.22222222222
"1","1",3,"8",17.86,3,13161,4387
"1","1",3,"9",5063.15,408,1707680,4185.49019607843
"1","1",4,"1",318.48,29,103866,3581.58620689655
"1","1",4,"2",57.21,7,77588,11084
"1","1",4,"3",35.33,4,11839,2959.75
"1","1",4,"4",374.28,20,98140,4907
"1","1",4,"5",85.18,7,27919,3988.42857142857
"1","1",4,"6",199.7,7,103910,14844.2857142857
"1","1",4,"7",60.46,4,38065,9516.25
"1","1",4,"9",4263.09,300,1267678,4225.59333333333
"1","1",5,"1",444.37,25,69203,2768.12
"1","1",5,"2",86.65,6,14620,2436.66666666667
"1","1",5,"3",53.81,5,40258,8051.6
"1","1",5,"4",361.62,22,161455,7338.86363636364
"1","1",5,"5",117.91,3,20011,6670.33333333333
"1","1",5,"6",232.55,11,57214,5201.27272727273
"1","1",5,"7",81.27,3,4496,1498.66666666667
"1","1",5,"9",4761.37,301,1116208,3708.33222591362
"1","1",6,"1",1016.67,61,217617,3567.49180327869
"1","1",6,"2",150.56,12,58099,4841.58333333333
"1","1",6,"3",126.69,4,12268,3067
"1","1",6,"4",517.31,16,59634,3727.125
"1","1",6,"5",246.62,13,84966,6535.84615384615
"1","1",6,"6",482.96,19,137005,7210.78947368421
"1","1",6,"7",203.6,12,33767,2813.91666666667
"1","1",6,"8",25.88,3,6279,2093
"1","1",6,"9",9197.99,522,1939894,3716.27203065134
"1","1",7,"1",5430.48,214,1048698,4900.45794392523
"1","1",7,"2",659.54,24,143915,5996.45833333333
"1","1",7,"3",657.34,22,153830,6992.27272727273
"1","1",7,"4",2795.72,60,202413,3373.55
"1","1",7,"5",1119.12,41,180345,4398.65853658537
"1","1",7,"6",2861.69,92,484604,5267.4347826087
"1","1",7,"7",1111,37,152801,4129.75675675676
"1","1",7,"8",166.61,6,14084,2347.33333333333
"1","1",7,"9",48264.64,1875,8977527,4788.0144
"1","2",1,"1",458.89,98,532092,5429.51020408163
"1","2",1,"2",72.78,5,9006,1801.2
"1","2",1,"3",33.23,7,45498,6499.71428571429
"1","2",1,"4",1544.55,101,337480,3341.38613861386
"1","2",1,"5",200.9,43,191982,4464.6976744186
"1","2",1,"6",663.98,65,300632,4625.10769230769
"1","2",1,"7",124.73,10,23349,2334.9
"1","2",1,"8",29.24,4,13581,3395.25
"1","2",1,"9",11381,1326,6173598,4655.80542986425
"1","2",2,"1",364.78,40,211494,5287.35
"1","2",2,"2",51.89,5,10811,2162.2
"1","2",2,"3",29.39,4,36204,9051
"1","2",2,"4",1053.01,33,135007,4091.12121212121
"1","2",2,"5",110.1,16,49061,3066.3125
"1","2",2,"6",470.62,30,64287,2142.9
"1","2",2,"7",93.29,8,51080,6385
"1","2",2,"8",17.88,1,600,600
"1","2",2,"9",7607.66,591,2510207,4247.38917089678
"1","2",3,"1",315.14,17,106975,6292.64705882353
"1","2",3,"2",64.53,4,16922,4230.5
"1","2",3,"3",27.24,2,8255,4127.5
"1","2",3,"4",726.13,29,93656,3229.51724137931
"1","2",3,"5",96.49,4,44966,11241.5
"1","2",3,"6",365.81,16,43426,2714.125
"1","2",3,"7",80.8,5,48691,9738.2
"1","2",3,"8",13.3,1,1325,1325
"1","2",3,"9",5898.98,320,1392652,4352.0375
"1","2",4,"1",320.47,16,136143,8508.9375
"1","2",4,"2",69.55,4,34137,8534.25
"1","2",4,"3",33.37,1,2702,2702
"1","2",4,"4",507.57,9,22292,2476.88888888889
"1","2",4,"5",72.4,7,20295,2899.28571428571
"1","2",4,"6",316.14,9,57404,6378.22222222222
"1","2",4,"7",72.05,3,8538,2846
"1","2",4,"9",4957.56,269,1375988,5115.19702602231
"1","2",5,"1",473.63,27,136376,5050.96296296296
"1","2",5,"2",88.09,8,19038,2379.75
"1","2",5,"3",46.27,2,3604,1802
"1","2",5,"4",467.96,9,10597,1177.44444444444
"1","2",5,"5",126.88,10,26433,2643.3
"1","2",5,"6",316.15,11,52950,4813.63636363636
"1","2",5,"7",101.11,7,21620,3088.57142857143
"1","2",5,"8",23.37,1,2680,2680
"1","2",5,"9",5481.31,282,1079230,3827.05673758865
"1","2",6,"1",996.27,61,236220,3872.45901639344
"1","2",6,"2",175.14,10,25036,2503.6
"1","2",6,"3",111.97,5,22261,4452.2
"1","2",6,"4",601.61,16,88961,5560.0625
"1","2",6,"5",260.69,14,64368,4597.71428571429
"1","2",6,"6",593.18,17,65578,3857.52941176471
"1","2",6,"7",229.72,7,46244,6606.28571428571
"1","2",6,"8",46.66,7,14385,2055
"1","2",6,"9",9830.72,413,1840742,4457.00242130751
"1","2",7,"1",6021.43,233,1086534,4663.23605150215
"1","2",7,"2",852.8,33,165960,5029.09090909091
"1","2",7,"3",751.59,24,100564,4190.16666666667
"1","2",7,"4",3293.99,60,201401,3356.68333333333
"1","2",7,"5",1289.09,53,272610,5143.58490566038
"1","2",7,"6",3665.27,97,524316,5405.31958762887
"1","2",7,"7",1369.91,35,159658,4561.65714285714
"1","2",7,"8",183.98,5,18603,3720.6
"1","2",7,"9",55084.54,1744,8500391,4874.07740825688
"1","3",1,"1",453.06,72,329632,4578.22222222222
"1","3",1,"2",67.13,9,79565,8840.55555555555
"1","3",1,"3",35.22,5,11746,2349.2
"1","3",1,"4",1653.17,89,338305,3801.1797752809
"1","3",1,"5",206.62,38,124108,3266
"1","3",1,"6",859.95,64,213078,3329.34375
"1","3",1,"7",110.08,11,34844,3167.63636363636
"1","3",1,"8",25.92,5,25319,5063.8
"1","3",1,"9",11436.08,1205,5173923,4293.71203319502
"1","3",2,"1",317.1,25,90162,3606.48
"1","3",2,"2",54.58,8,19327,2415.875
"1","3",2,"3",22.59,3,1209,403
"1","3",2,"4",1187.43,30,123124,4104.13333333333
"1","3",2,"5",129.53,13,99258,7635.23076923077
"1","3",2,"6",617.11,40,137828,3445.7
"1","3",2,"7",102.5,7,14904,2129.14285714286
"1","3",2,"8",21.56,1,597,597
"1","3",2,"9",8351.79,425,1937445,4558.69411764706
"1","3",3,"1",357.43,18,37835,2101.94444444444
"1","3",3,"2",62.87,3,5014,1671.33333333333
"1","3",3,"4",849.23,25,61591,2463.64
"1","3",3,"5",119.21,6,47495,7915.83333333333
"1","3",3,"6",463.6,20,53173,2658.65
"1","3",3,"7",104.36,6,11936,1989.33333333333
"1","3",3,"8",14.21,1,31442,31442
"1","3",3,"9",6540.44,304,1284025,4223.76644736842
"1","3",4,"1",338.37,19,136281,7172.68421052632
"1","3",4,"2",52.49,2,9253,4626.5
"1","3",4,"4",571.94,23,142536,6197.21739130435
"1","3",4,"5",113.36,6,21433,3572.16666666667
"1","3",4,"6",406.33,21,131027,6239.38095238095
"1","3",4,"7",85.15,3,4079,1359.66666666667
"1","3",4,"8",16.16,1,1012,1012
"1","3",4,"9",5123.78,217,994540,4583.133640553
"1","3",5,"1",459.4,16,61958,3872.375
"1","3",5,"2",73.51,2,5056,2528
"1","3",5,"3",41.51,4,44278,11069.5
"1","3",5,"4",517.24,8,18455,2306.875
"1","3",5,"5",136.08,8,28248,3531
"1","3",5,"6",417.71,11,15568,1415.27272727273
"1","3",5,"7",103.07,1,8347,8347
"1","3",5,"8",26.11,1,1144,1144
"1","3",5,"9",5849.14,242,1184032,4892.69421487603
"1","3",6,"1",1060.28,43,245621,5712.11627906977
"1","3",6,"2",124.82,7,12648,1806.85714285714
"1","3",6,"3",119.17,2,5855,2927.5
"1","3",6,"4",639.97,12,64278,5356.5
"1","3",6,"5",307.56,14,90310,6450.71428571429
"1","3",6,"6",740.33,24,117763,4906.79166666667
"1","3",6,"7",233.83,7,20303,2900.42857142857
"1","3",6,"8",53.41,3,6221,2073.66666666667
"1","3",6,"9",10263.04,393,2026554,5156.62595419847
"1","3",7,"1",7155.96,197,980780,4978.57868020305
"1","3",7,"2",999.32,32,168854,5276.6875
"1","3",7,"3",1049.99,19,41459,2182.05263157895
"1","3",7,"4",3712.23,67,229231,3421.35820895522
"1","3",7,"5",1862.44,74,388511,5250.14864864865
"1","3",7,"6",4964,121,622350,5143.38842975207
"1","3",7,"7",1785.23,58,253660,4373.44827586207
"1","3",7,"8",331.45,8,94395,11799.375
"1","3",7,"9",65617.47,1865,9884008,5299.73619302949
"1","4",1,"1",868.6,115,627513,5456.6347826087
"1","4",1,"2",122.54,10,113492,11349.2
"1","4",1,"3",55.08,3,33925,11308.3333333333
"1","4",1,"4",2751.7,98,578698,5905.08163265306
"1","4",1,"5",328.36,36,149698,4158.27777777778
"1","4",1,"6",1730.51,105,604161,5753.91428571429
"1","4",1,"7",231.91,13,55103,4238.69230769231
"1","4",1,"8",48.77,4,34267,8566.75
"1","4",1,"9",20153.28,1446,6605073,4567.82365145228
"1","4",2,"1",622.23,41,300510,7329.51219512195
"1","4",2,"2",94.03,5,11936,2387.2
"1","4",2,"3",36.73,2,6387,3193.5
"1","4",2,"4",2037.95,48,152944,3186.33333333333
"1","4",2,"5",189.27,17,40047,2355.70588235294
"1","4",2,"6",1217.01,65,344450,5299.23076923077
"1","4",2,"7",155.5,16,113524,7095.25
"1","4",2,"9",14648.2,645,3150912,4885.13488372093
"1","4",3,"1",613.17,32,168882,5277.5625
"1","4",3,"2",108.4,5,43676,8735.2
"1","4",3,"4",1447.58,25,66208,2648.32
"1","4",3,"5",168.81,8,30465,3808.125
"1","4",3,"6",933.44,40,374818,9370.45
"1","4",3,"7",153.11,5,38157,7631.4
"1","4",3,"8",32.44,2,8234,4117
"1","4",3,"9",11314.54,427,2035982,4768.10772833724
"1","4",4,"1",573.86,29,214513,7397
"1","4",4,"2",103.82,4,12077,3019.25
"1","4",4,"3",49.14,2,12947,6473.5
"1","4",4,"4",970.81,20,77705,3885.25
"1","4",4,"5",135.49,6,16781,2796.83333333333
"1","4",4,"6",740.62,25,87155,3486.2
"1","4",4,"7",123.63,3,11469,3823
"1","4",4,"8",36.98,1,2572,2572
"1","4",4,"9",8785.71,291,1189357,4087.13745704467
"1","4",5,"1",783.1,28,97770,3491.78571428571
"1","4",5,"2",127.17,7,21026,3003.71428571429
"1","4",5,"3",86.26,4,15583,3895.75
"1","4",5,"4",886.11,16,71474,4467.125
"1","4",5,"5",200.68,14,74804,5343.14285714286
"1","4",5,"6",825.58,16,76879,4804.9375
"1","4",5,"7",185.36,3,6085,2028.33333333333
"1","4",5,"8",53.05,1,6827,6827
"1","4",5,"9",9849.89,324,1672294,5161.4012345679
"1","4",6,"1",1839.13,72,505590,7022.08333333333
"1","4",6,"2",298.73,5,16182,3236.4
"1","4",6,"3",234.01,8,42369,5296.125
"1","4",6,"4",1047.27,22,147524,6705.63636363636
"1","4",6,"5",481.63,16,70430,4401.875
"1","4",6,"6",1317.07,34,162323,4774.20588235294
"1","4",6,"7",360.55,9,127814,14201.5555555556
"1","4",6,"8",90.61,7,80134,11447.7142857143
"1","4",6,"9",17332.9,535,2833885,5296.98130841121
"1","4",7,"1",15297.44,389,2505764,6441.55269922879
"1","4",7,"2",2085.44,65,296375,4559.61538461538
"1","4",7,"3",2140.94,38,253490,6670.78947368421
"1","4",7,"4",6923.74,100,435674,4356.74
"1","4",7,"5",3721.62,115,641018,5574.06956521739
"1","4",7,"6",10409.88,194,1070372,5517.38144329897
"1","4",7,"7",3252.99,86,317119,3687.43023255814
"1","4",7,"8",768.54,23,160411,6974.39130434783
"1","4",7,"9",127687.27,2894,15540162,5369.78645473393
"1","5",1,"1",161.19,22,112479,5112.68181818182
"1","5",1,"2",15.53,2,1668,834
"1","5",1,"4",454.21,15,61507,4100.46666666667
"1","5",1,"5",69.38,13,83497,6422.84615384615
"1","5",1,"6",301.14,21,87734,4177.80952380952
"1","5",1,"7",47.82,6,51950,8658.33333333333
"1","5",1,"9",3645.26,407,1855941,4560.0515970516
"1","5",2,"1",132.69,7,27325,3903.57142857143
"1","5",2,"2",17.31,1,1554,1554
"1","5",2,"4",324.26,10,22854,2285.4
"1","5",2,"5",51.8,4,40692,10173
"1","5",2,"6",218.84,12,88266,7355.5
"1","5",2,"7",39.68,3,38808,12936
"1","5",2,"8",12.15,1,1029,1029
"1","5",2,"9",2694.25,174,616744,3544.50574712644
"1","5",3,"1",122.86,8,51943,6492.875
"1","5",3,"4",240.23,6,13492,2248.66666666667
"1","5",3,"5",38.15,6,16170,2695
"1","5",3,"6",173.78,4,17523,4380.75
"1","5",3,"7",30.43,2,6421,3210.5
"1","5",3,"8",4.82,1,31442,31442
"1","5",3,"9",1993.33,117,481752,4117.53846153846
"1","5",4,"1",116.24,3,7229,2409.66666666667
"1","5",4,"2",16.48,1,1000,1000
"1","5",4,"3",9.31,1,9867,9867
"1","5",4,"4",160.66,8,22404,2800.5
"1","5",4,"5",27.77,4,8119,2029.75
"1","5",4,"6",145.54,8,33299,4162.375
"1","5",4,"8",7.77,1,2700,2700
"1","5",4,"9",1592.59,74,364037,4919.41891891892
"1","5",5,"1",185.95,11,53110,4828.18181818182
"1","5",5,"2",23.75,2,4900,2450
"1","5",5,"4",140.66,2,4876,2438
"1","5",5,"5",41.71,1,7056,7056
"1","5",5,"6",141.81,2,3200,1600
"1","5",5,"7",44.08,3,64516,21505.3333333333
"1","5",5,"9",1752.09,86,299385,3481.22093023256
"1","5",6,"1",394.91,9,25994,2888.22222222222
"1","5",6,"2",55.35,3,7232,2410.66666666667
"1","5",6,"3",40.03,1,1373,1373
"1","5",6,"4",177.67,4,6211,1552.75
"1","5",6,"5",92.95,7,21706,3100.85714285714
"1","5",6,"6",244.32,8,41753,5219.125
"1","5",6,"7",92.99,5,6674,1334.8
"1","5",6,"8",22.62,2,1522,761
"1","5",6,"9",3251.89,165,774028,4691.07878787879
"1","5",7,"1",2257.49,80,452280,5653.5
"1","5",7,"2",284.44,7,45614,6516.28571428571
"1","5",7,"3",300.78,9,55124,6124.88888888889
"1","5",7,"4",946.25,19,68243,3591.73684210526
"1","5",7,"5",583.99,18,113925,6329.16666666667
"1","5",7,"6",1332.39,38,138432,3642.94736842105
"1","5",7,"7",541.88,13,93691,7207
"1","5",7,"8",125.14,5,46879,9375.8
"1","5",7,"9",17722.19,589,2700050,4584.12563667233
"1","6",1,"1",340.1,31,75947,2449.90322580645
"1","6",1,"2",38.25,3,5658,1886
"1","6",1,"4",767.66,30,187167,6238.9
"1","6",1,"5",134.82,31,164961,5321.32258064516
"1","6",1,"6",585.23,44,309679,7038.15909090909
"1","6",1,"7",80.16,7,8237,1176.71428571429
"1","6",1,"8",29.87,4,35088,8772
"1","6",1,"9",6744.61,542,2708623,4997.4594095941
"1","6",2,"1",233.67,20,159609,7980.45
"1","6",2,"2",33.6,2,5403,2701.5
"1","6",2,"4",563.21,7,12459,1779.85714285714
"1","6",2,"5",84.85,10,55348,5534.8
"1","6",2,"6",436.38,14,72563,5183.07142857143
"1","6",2,"7",63.25,3,63976,21325.3333333333
"1","6",2,"9",4721.76,227,970016,4273.19823788546
"1","6",3,"1",230.77,10,97153,9715.3
"1","6",3,"2",37.88,1,789,789
"1","6",3,"4",386.7,10,57758,5775.8
"1","6",3,"5",76.88,5,14166,2833.2
"1","6",3,"6",294.37,15,106215,7081
"1","6",3,"7",57.46,3,41564,13854.6666666667
"1","6",3,"9",3558.48,131,785697,5997.68702290076
"1","6",4,"1",186.52,12,81889,6824.08333333333
"1","6",4,"2",31.99,3,2985,995
"1","6",4,"4",283.49,6,73962,12327
"1","6",4,"5",57.53,5,20515,4103
"1","6",4,"6",219.19,5,14794,2958.8
"1","6",4,"7",45.35,4,38560,9640
"1","6",4,"8",24.46,2,3138,1569
"1","6",4,"9",2708.07,99,517218,5224.42424242424
"1","6",5,"1",253.84,20,105565,5278.25
"1","6",5,"2",47.01,2,5207,2603.5
"1","6",5,"4",259.21,1,31442,31442
"1","6",5,"5",72.82,1,1742,1742
"1","6",5,"6",252.17,8,74154,9269.25
"1","6",5,"7",64.53,3,8546,2848.66666666667
"1","6",5,"8",22.19,1,2198,2198
"1","6",5,"9",2936.87,87,641508,7373.65517241379
"1","6",6,"1",560.62,17,107765,6339.11764705882
"1","6",6,"3",55.88,3,4731,1577
"1","6",6,"4",274.15,3,10929,3643
"1","6",6,"5",186,9,16980,1886.66666666667
"1","6",6,"6",424.38,12,62560,5213.33333333333
"1","6",6,"7",141.38,4,39806,9951.5
"1","6",6,"8",60.89,3,4512,1504
"1","6",6,"9",5248.1,187,1066083,5700.97860962567
"1","6",7,"1",4492.77,136,727249,5347.41911764706
"1","6",7,"2",606.55,16,114290,7143.125
"1","6",7,"3",561.04,21,128950,6140.47619047619
"1","6",7,"4",1799.95,29,191942,6618.68965517241
"1","6",7,"5",1203.92,48,118462,2467.95833333333
"1","6",7,"6",2874.45,70,422565,6036.64285714286
"1","6",7,"7",914.58,27,208821,7734.11111111111
"1","6",7,"8",347.4,15,131927,8795.13333333333
"1","6",7,"9",34969.21,886,5181284,5847.95033860045
"1","7",1,"1",23.96,4,9848,2462
"1","7",1,"4",92.39,5,4642,928.4
"1","7",1,"7",4.29,1,1504,1504
"1","7",1,"9",560.17,38,108198,2847.31578947368
"1","7",2,"1",20.83,1,2772,2772
"1","7",2,"4",48.63,1,1980,1980
"1","7",2,"6",20.84,5,12647,2529.4
"1","7",2,"9",413.54,19,45789,2409.94736842105
"1","7",3,"4",46.18,1,756,756
"1","7",3,"6",13.92,1,2199,2199
"1","7",3,"9",285.04,7,15229,2175.57142857143
"1","7",4,"2",2.31,1,5000,5000
"1","7",4,"9",225.35,5,9681,1936.2
"1","7",5,"2",5.74,1,3900,3900
"1","7",5,"4",29.05,1,2913,2913
"1","7",5,"6",14.42,1,3174,3174
"1","7",5,"9",278.75,13,31522,2424.76923076923
"1","7",6,"1",41.17,1,3325,3325
"1","7",6,"2",7.55,2,7963,3981.5
"1","7",6,"4",36.23,1,1327,1327
"1","7",6,"9",456.61,15,103527,6901.8
"1","7",7,"1",294.57,3,8171,2723.66666666667
"1","7",7,"2",50.12,1,1510,1510
"1","7",7,"4",216.41,4,65435,16358.75
"1","7",7,"6",208.35,5,74182,14836.4
"1","7",7,"9",3315.16,77,340189,4418.03896103896
"2","1",1,"1",638.51,148,578831,3911.02027027027
"2","1",1,"2",94.77,29,137355,4736.37931034483
"2","1",1,"3",126.87,29,137680,4747.58620689655
"2","1",1,"4",398.58,55,162678,2957.78181818182
"2","1",1,"5",167.88,41,73435,1791.09756097561
"2","1",1,"6",354.26,48,166416,3467
"2","1",1,"7",95.57,11,21295,1935.90909090909
"2","1",1,"8",25.93,5,2059,411.8
"2","1",1,"9",6792.88,1410,6556534,4650.02411347518
"2","1",2,"1",605.01,86,484085,5628.89534883721
"2","1",2,"2",96.42,12,93305,7775.41666666667
"2","1",2,"3",94.57,12,62554,5212.83333333333
"2","1",2,"4",319.2,20,43734,2186.7
"2","1",2,"5",152.42,24,109785,4574.375
"2","1",2,"6",349.2,27,92572,3428.59259259259
"2","1",2,"7",94.39,8,76099,9512.375
"2","1",2,"8",16.52,3,39939,13313
"2","1",2,"9",5941.02,722,3249461,4500.63850415512
"2","1",3,"1",599.51,78,450864,5780.30769230769
"2","1",3,"2",121.49,17,142141,8361.23529411765
"2","1",3,"3",91.96,13,93038,7156.76923076923
"2","1",3,"4",234.48,13,65170,5013.07692307692
"2","1",3,"5",134.82,19,111059,5845.21052631579
"2","1",3,"6",318.69,21,162284,7727.80952380952
"2","1",3,"7",88.04,11,30153,2741.18181818182
"2","1",3,"8",22.47,5,47551,9510.2
"2","1",3,"9",5162.92,484,2522341,5211.44834710744
"2","1",4,"1",597.21,55,213704,3885.52727272727
"2","1",4,"2",129.44,7,47589,6798.42857142857
"2","1",4,"3",94.8,9,47251,5250.11111111111
"2","1",4,"4",182.93,12,59369,4947.41666666667
"2","1",4,"5",111.64,11,20942,1903.81818181818
"2","1",4,"6",263.94,9,44772,4974.66666666667
"2","1",4,"7",107.37,9,61695,6855
"2","1",4,"8",23.1,3,40634,13544.6666666667
"2","1",4,"9",4712.87,407,1631427,4008.42014742015
"2","1",5,"1",779.53,55,232521,4227.65454545455
"2","1",5,"2",157.99,13,31952,2457.84615384615
"2","1",5,"3",137.19,6,50067,8344.5
"2","1",5,"4",156.34,11,18221,1656.45454545455
"2","1",5,"5",149.71,15,32164,2144.26666666667
"2","1",5,"6",295.12,13,59509,4577.61538461538
"2","1",5,"7",132.79,8,55603,6950.375
"2","1",5,"8",29.02,2,2802,1401
"2","1",5,"9",5373.06,363,1597528,4400.90358126722
"2","1",6,"1",1557.98,107,435444,4069.57009345794
"2","1",6,"2",329.74,29,133272,4595.58620689655
"2","1",6,"3",320.71,13,150031,11540.8461538462
"2","1",6,"4",210.91,4,15193,3798.25
"2","1",6,"5",336.02,30,194477,6482.56666666667
"2","1",6,"6",576.63,24,137963,5748.45833333333
"2","1",6,"7",269.81,9,87411,9712.33333333333
"2","1",6,"8",56.96,9,144950,16105.5555555556
"2","1",6,"9",9805.53,618,2918359,4722.26375404531
"2","1",7,"1",8009.92,390,1992027,5107.76153846154
"2","1",7,"2",1407.85,67,332194,4958.11940298507
"2","1",7,"3",1538.74,49,397236,8106.85714285714
"2","1",7,"4",806,31,209824,6768.51612903226
"2","1",7,"5",1380.85,83,398103,4796.42168674699
"2","1",7,"6",2848.53,111,493340,4444.5045045045
"2","1",7,"7",1496.62,74,282000,3810.81081081081
"2","1",7,"8",267.8,14,95457,6818.35714285714
"2","1",7,"9",44511.41,2127,10315455,4849.76727785614
"2","2",1,"1",679.46,113,582788,5157.41592920354
"2","2",1,"2",98.43,22,91135,4142.5
"2","2",1,"3",60.48,11,90425,8220.45454545455
"2","2",1,"4",434.05,45,153794,3417.64444444444
"2","2",1,"5",211.77,34,255298,7508.76470588235
"2","2",1,"6",516.01,51,253258,4965.8431372549
"2","2",1,"7",118.76,16,69025,4314.0625
"2","2",1,"8",25.01,5,7797,1559.4
"2","2",1,"9",7185.14,1157,5121951,4426.92394122731
"2","2",2,"1",638.08,83,350944,4228.24096385542
"2","2",2,"2",117.12,19,141774,7461.78947368421
"2","2",2,"3",52.69,11,58588,5326.18181818182
"2","2",2,"4",408.69,22,136288,6194.90909090909
"2","2",2,"5",168.09,33,150740,4567.87878787879
"2","2",2,"6",523.36,22,100822,4582.81818181818
"2","2",2,"7",141.28,15,57916,3861.06666666667
"2","2",2,"8",25.84,5,42167,8433.4
"2","2",2,"9",6506.72,559,2457197,4395.70125223614
"2","2",3,"1",687.29,60,382872,6381.2
"2","2",3,"2",111.63,11,55353,5032.09090909091
"2","2",3,"3",68.91,5,7480,1496
"2","2",3,"4",294.06,14,88500,6321.42857142857
"2","2",3,"5",154.39,20,42607,2130.35
"2","2",3,"6",446.83,25,116227,4649.08
"2","2",3,"7",139.62,9,18627,2069.66666666667
"2","2",3,"8",28.91,2,4521,2260.5
"2","2",3,"9",5783.55,453,1907609,4211.05739514349
"2","2",4,"1",661.35,50,257851,5157.02
"2","2",4,"2",139.58,15,29492,1966.13333333333
"2","2",4,"3",67.99,3,4835,1611.66666666667
"2","2",4,"4",198.46,6,11144,1857.33333333333
"2","2",4,"5",151.85,10,18943,1894.3
"2","2",4,"6",390.18,15,37755,2517
"2","2",4,"7",120.11,9,55231,6136.77777777778
"2","2",4,"8",33.1,1,1878,1878
"2","2",4,"9",5316.84,344,1682243,4890.24127906977
"2","2",5,"1",848.62,70,265184,3788.34285714286
"2","2",5,"2",204.12,19,116076,6109.26315789474
"2","2",5,"3",129.16,6,20054,3342.33333333333
"2","2",5,"4",149.52,7,40010,5715.71428571429
"2","2",5,"5",214.27,14,21497,1535.5
"2","2",5,"6",431.35,18,89520,4973.33333333333
"2","2",5,"7",176.7,10,25944,2594.4
"2","2",5,"8",50.75,3,10388,3462.66666666667
"2","2",5,"9",6273.26,344,1437097,4177.60755813954
"2","2",6,"1",1741.3,99,502889,5079.68686868687
"2","2",6,"2",358.55,22,108381,4926.40909090909
"2","2",6,"3",286.92,14,49960,3568.57142857143
"2","2",6,"4",192.9,7,11847,1692.42857142857
"2","2",6,"5",398.56,21,135284,6442.09523809524
"2","2",6,"6",710.28,32,75776,2368
"2","2",6,"7",356.8,12,25779,2148.25
"2","2",6,"8",103.3,9,27406,3045.11111111111
"2","2",6,"9",11001.9,622,3029300,4870.25723472669
"2","2",7,"1",9358.84,359,2466406,6870.21169916435
"2","2",7,"2",2021.95,107,520377,4863.33644859813
"2","2",7,"3",1795.27,53,328548,6199.01886792453
"2","2",7,"4",859.65,23,95241,4140.91304347826
"2","2",7,"5",1856.01,77,323882,4206.25974025974
"2","2",7,"6",3817.88,96,503384,5243.58333333333
"2","2",7,"7",2125.92,91,463818,5096.9010989011
"2","2",7,"8",407.26,10,89166,8916.6
"2","2",7,"9",54421.4,2087,9950131,4767.6717776713
"2","3",1,"1",703.88,120,547349,4561.24166666667
"2","3",1,"2",88.45,10,20304,2030.4
"2","3",1,"3",39.68,3,5422,1807.33333333333
"2","3",1,"4",461.44,33,121470,3680.90909090909
"2","3",1,"5",209.99,53,234736,4428.98113207547
"2","3",1,"6",633.85,52,241224,4638.92307692308
"2","3",1,"7",142,14,68256,4875.42857142857
"2","3",1,"8",23.45,2,8396,4198
"2","3",1,"9",7304.73,1003,4387841,4374.71684945165
"2","3",2,"1",700.59,74,286946,3877.64864864865
"2","3",2,"2",96.84,7,20675,2953.57142857143
"2","3",2,"3",44.37,1,31442,31442
"2","3",2,"4",422.88,17,14982,881.294117647059
"2","3",2,"5",177.47,27,154791,5733
"2","3",2,"6",669.34,42,114629,2729.2619047619
"2","3",2,"7",151.12,17,36169,2127.58823529412
"2","3",2,"8",27.39,1,31442,31442
"2","3",2,"9",6988.9,556,2634269,4737.89388489209
"2","3",3,"1",724.49,49,189534,3868.04081632653
"2","3",3,"2",121.33,9,32584,3620.44444444444
"2","3",3,"4",275.9,7,40454,5779.14285714286
"2","3",3,"5",162.92,17,33909,1994.64705882353
"2","3",3,"6",576.1,21,55806,2657.42857142857
"2","3",3,"7",140.05,13,76834,5910.30769230769
"2","3",3,"9",6034.63,404,2107152,5215.72277227723
"2","3",4,"1",679.01,38,197187,5189.13157894737
"2","3",4,"2",119.96,13,62674,4821.07692307692
"2","3",4,"3",69.04,2,2597,1298.5
"2","3",4,"4",173.48,11,46956,4268.72727272727
"2","3",4,"5",155.48,8,45486,5685.75
"2","3",4,"6",468.53,19,75634,3980.73684210526
"2","3",4,"7",147.89,9,84248,9360.88888888889
"2","3",4,"8",41.4,4,35685,8921.25
"2","3",4,"9",5496.81,323,1473149,4560.83281733746
"2","3",5,"1",946.01,50,199324,3986.48
"2","3",5,"2",172.42,12,27067,2255.58333333333
"2","3",5,"3",104.52,4,34911,8727.75
"2","3",5,"4",188.53,4,33175,8293.75
"2","3",5,"5",209.61,9,81779,9086.55555555555
"2","3",5,"6",515.69,17,77953,4585.47058823529
"2","3",5,"7",189.16,10,21942,2194.2
"2","3",5,"8",55.8,6,23456,3909.33333333333
"2","3",5,"9",6442.14,324,1506141,4648.58333333333
"2","3",6,"1",1702.76,86,491502,5715.13953488372
"2","3",6,"2",332.17,10,21654,2165.4
"2","3",6,"3",306.21,11,72861,6623.72727272727
"2","3",6,"4",193.65,6,11444,1907.33333333333
"2","3",6,"5",452.37,30,201310,6710.33333333333
"2","3",6,"6",834.26,38,182641,4806.34210526316
"2","3",6,"7",367,17,76297,4488.05882352941
"2","3",6,"8",126.83,8,27834,3479.25
"2","3",6,"9",10730.07,492,2038707,4143.71341463415
"2","3",7,"1",10469.92,325,1401833,4313.33230769231
"2","3",7,"2",2071.24,68,353788,5202.76470588235
"2","3",7,"3",2180.19,59,324185,5494.66101694915
"2","3",7,"4",917.17,19,73569,3872.05263157895
"2","3",7,"5",2435.19,86,468488,5447.53488372093
"2","3",7,"6",4857.97,121,605098,5000.80991735537
"2","3",7,"7",2416.4,83,349608,4212.14457831325
"2","3",7,"8",704.42,22,134382,6108.27272727273
"2","3",7,"9",60140.2,2044,10518198,5145.88943248532
"2","4",1,"1",1493.99,226,1107859,4902.03097345133
"2","4",1,"2",131.48,14,103393,7385.21428571429
"2","4",1,"3",88.79,8,112948,14118.5
"2","4",1,"4",774.1,39,121494,3115.23076923077
"2","4",1,"5",372.41,66,369471,5598.04545454545
"2","4",1,"6",1295.44,109,492597,4519.23853211009
"2","4",1,"7",240.77,23,51380,2233.91304347826
"2","4",1,"8",44.59,8,20312,2539
"2","4",1,"9",13502.14,1442,7243260,5023.06518723994
"2","4",2,"1",1402.82,119,614064,5160.20168067227
"2","4",2,"2",157.16,13,37643,2895.61538461538
"2","4",2,"3",87.93,4,16203,4050.75
"2","4",2,"4",727.28,35,212362,6067.48571428571
"2","4",2,"5",317.39,38,204612,5384.52631578947
"2","4",2,"6",1299.16,65,566535,8715.92307692308
"2","4",2,"7",250.94,18,128549,7141.61111111111
"2","4",2,"8",52.96,5,35588,7117.6
"2","4",2,"9",12692.5,849,4327298,5096.93521790342
"2","4",3,"1",1388.66,99,691234,6982.16161616162
"2","4",3,"2",177.33,5,45982,9196.4
"2","4",3,"3",107.04,4,14953,3738.25
"2","4",3,"4",497.4,15,38416,2561.06666666667
"2","4",3,"5",280.1,23,235331,10231.7826086957
"2","4",3,"6",1084.19,46,166621,3622.19565217391
"2","4",3,"7",246.24,10,35221,3522.1
"2","4",3,"8",61.36,6,83511,13918.5
"2","4",3,"9",10957.97,580,3353774,5782.36896551724
"2","4",4,"1",1335.57,82,358249,4368.89024390244
"2","4",4,"2",229.51,8,18246,2280.75
"2","4",4,"3",126.18,2,1916,958
"2","4",4,"4",364.11,11,34707,3155.18181818182
"2","4",4,"5",318.83,12,40334,3361.16666666667
"2","4",4,"6",873.94,33,170727,5173.54545454545
"2","4",4,"7",241.3,12,86801,7233.41666666667
"2","4",4,"8",76.9,4,19358,4839.5
"2","4",4,"9",9689.88,445,2107274,4735.44719101124
"2","4",5,"1",1685.23,82,547932,6682.09756097561
"2","4",5,"2",323.48,15,38665,2577.66666666667
"2","4",5,"3",223.59,5,16820,3364
"2","4",5,"4",349.22,3,6779,2259.66666666667
"2","4",5,"5",390.21,15,161309,10753.9333333333
"2","4",5,"6",986.77,31,230920,7449.03225806452
"2","4",5,"7",329.99,8,51133,6391.625
"2","4",5,"8",115.65,5,25988,5197.6
"2","4",5,"9",10932.73,441,2172831,4927.05442176871
"2","4",6,"1",3057.73,116,579356,4994.44827586207
"2","4",6,"2",665.09,29,142262,4905.58620689655
"2","4",6,"3",570.12,18,110476,6137.55555555556
"2","4",6,"4",347.66,10,62709,6270.9
"2","4",6,"5",722.62,37,134350,3631.08108108108
"2","4",6,"6",1508.43,41,206813,5044.21951219512
"2","4",6,"7",656.37,17,45923,2701.35294117647
"2","4",6,"8",259.31,13,74790,5753.07692307692
"2","4",6,"9",19012.21,728,3816718,5242.74450549451
"2","4",7,"1",21848.06,605,3502535,5789.31404958678
"2","4",7,"2",4430.43,153,836130,5464.90196078431
"2","4",7,"3",4695.14,91,528367,5806.23076923077
"2","4",7,"4",1818.17,33,101358,3071.45454545455
"2","4",7,"5",4808.39,127,850044,6693.25984251968
"2","4",7,"6",10510.83,242,1174270,4852.35537190083
"2","4",7,"7",4635.35,135,697806,5168.93333333333
"2","4",7,"8",1853.07,49,319803,6526.59183673469
"2","4",7,"9",121293.07,3338,18245026,5465.85560215698
"2","5",1,"1",217.27,47,161646,3439.27659574468
"2","5",1,"2",24.81,1,4656,4656
"2","5",1,"3",14.58,1,2810,2810
"2","5",1,"4",96.11,4,43315,10828.75
"2","5",1,"5",58.14,13,32595,2507.30769230769
"2","5",1,"6",182.69,15,61055,4070.33333333333
"2","5",1,"7",40.3,5,35437,7087.4
"2","5",1,"8",5.82,2,6656,3328
"2","5",1,"9",1933.36,250,1001018,4004.072
"2","5",2,"1",211.17,20,113635,5681.75
"2","5",2,"2",27.01,5,39053,7810.6
"2","5",2,"4",89.19,4,23893,5973.25
"2","5",2,"5",58.24,10,24691,2469.1
"2","5",2,"6",208.24,12,29123,2426.91666666667
"2","5",2,"7",56.58,2,1758,879
"2","5",2,"8",8.09,1,4834,4834
"2","5",2,"9",1976.19,176,1044585,5935.14204545455
"2","5",3,"1",231.22,23,64911,2822.21739130435
"2","5",3,"2",32.05,1,2536,2536
"2","5",3,"3",14.51,2,1453,726.5
"2","5",3,"4",56.66,3,5473,1824.33333333333
"2","5",3,"5",48.09,7,8258,1179.71428571429
"2","5",3,"6",175.31,7,16559,2365.57142857143
"2","5",3,"7",46.96,4,7541,1885.25
"2","5",3,"9",1710.73,101,352227,3487.39603960396
"2","5",4,"1",229.87,16,70312,4394.5
"2","5",4,"2",30.72,1,963,963
"2","5",4,"3",17.05,1,2320,2320
"2","5",4,"4",35.98,1,2762,2762
"2","5",4,"5",51.82,4,37247,9311.75
"2","5",4,"6",151.72,7,16448,2349.71428571429
"2","5",4,"7",50.32,5,17564,3512.8
"2","5",4,"8",11.86,2,36323,18161.5
"2","5",4,"9",1513.6,94,391430,4164.14893617021
"2","5",5,"1",290.33,17,99863,5874.29411764706
"2","5",5,"2",56.82,2,9871,4935.5
"2","5",5,"5",77.17,5,49022,9804.4
"2","5",5,"6",167.47,7,20196,2885.14285714286
"2","5",5,"7",81.9,6,72912,12152
"2","5",5,"8",28.4,2,8215,4107.5
"2","5",5,"9",1872.74,116,725258,6252.22413793103
"2","5",6,"1",608.43,29,81371,2805.89655172414
"2","5",6,"2",128.85,8,16730,2091.25
"2","5",6,"3",96.56,3,13046,4348.66666666667
"2","5",6,"4",43.29,1,390,390
"2","5",6,"5",149.8,7,12686,1812.28571428571
"2","5",6,"6",265.29,11,45599,4145.36363636364
"2","5",6,"7",135.47,16,41245,2577.8125
"2","5",6,"8",55.22,6,70624,11770.6666666667
"2","5",6,"9",3457.83,162,764745,4720.64814814815
"2","5",7,"1",3359.9,122,604369,4953.84426229508
"2","5",7,"2",606.13,27,142803,5289
"2","5",7,"3",610.72,16,109950,6871.875
"2","5",7,"4",207.66,6,36294,6049
"2","5",7,"5",728.55,34,120719,3550.55882352941
"2","5",7,"6",1353.85,50,293518,5870.36
"2","5",7,"7",736.44,18,47691,2649.5
"2","5",7,"8",257.73,7,51190,7312.85714285714
"2","5",7,"9",16948.62,616,3131530,5083.6525974026
"2","6",1,"1",572.91,85,404731,4761.54117647059
"2","6",1,"2",44.41,2,2524,1262
"2","6",1,"3",23.13,1,5192,5192
"2","6",1,"4",197.5,8,46327,5790.875
"2","6",1,"5",138.07,19,118047,6213
"2","6",1,"6",444.98,50,355284,7105.68
"2","6",1,"7",84.17,14,66584,4756
"2","6",1,"8",30.55,3,5871,1957
"2","6",1,"9",4295.2,484,2540690,5249.35950413223
"2","6",2,"1",503.2,51,272422,5341.60784313726
"2","6",2,"2",54.76,3,7805,2601.66666666667
"2","6",2,"4",155.64,8,54065,6758.125
"2","6",2,"5",121.24,14,77633,5545.21428571429
"2","6",2,"6",455.65,33,155704,4718.30303030303
"2","6",2,"7",86.44,4,7725,1931.25
"2","6",2,"8",35.3,3,44018,14672.6666666667
"2","6",2,"9",3990.8,284,1423093,5010.89084507042
"2","6",3,"1",507.75,35,169303,4837.22857142857
"2","6",3,"2",55.57,1,8610,8610
"2","6",3,"4",106.79,3,6486,2162
"2","6",3,"5",104.27,7,18043,2577.57142857143
"2","6",3,"6",372.07,10,53188,5318.8
"2","6",3,"7",76.26,3,4736,1578.66666666667
"2","6",3,"8",35.48,2,2289,1144.5
"2","6",3,"9",3470.02,224,1013321,4523.75446428571
"2","6",4,"1",455,23,67152,2919.65217391304
"2","6",4,"2",70.27,3,6864,2288
"2","6",4,"4",92.99,2,32158,16079
"2","6",4,"5",89.64,3,4864,1621.33333333333
"2","6",4,"6",285.72,10,49974,4997.4
"2","6",4,"7",90.15,5,54362,10872.4
"2","6",4,"8",42.98,3,6623,2207.66666666667
"2","6",4,"9",2926.5,138,597450,4329.34782608696
"2","6",5,"1",518.47,21,118651,5650.04761904762
"2","6",5,"2",96.83,4,9580,2395
"2","6",5,"3",58.16,1,3521,3521
"2","6",5,"5",122.15,12,40820,3401.66666666667
"2","6",5,"6",301.84,9,81184,9020.44444444445
"2","6",5,"7",100.55,5,11208,2241.6
"2","6",5,"8",66.47,4,39787,9946.75
"2","6",5,"9",3279.28,146,756142,5179.05479452055
"2","6",6,"1",992.33,44,278171,6322.06818181818
"2","6",6,"2",209.98,6,71372,11895.3333333333
"2","6",6,"3",165.79,4,55283,13820.75
"2","6",6,"4",80.16,4,10539,2634.75
"2","6",6,"5",247.97,11,86405,7855
"2","6",6,"6",546.95,24,80714,3363.08333333333
"2","6",6,"7",199.47,4,9307,2326.75
"2","6",6,"8",137.44,5,40319,8063.8
"2","6",6,"9",5716.97,211,1097124,5199.63981042654
"2","6",7,"1",6871.94,219,1148035,5242.16894977169
"2","6",7,"2",1358.02,47,177092,3767.91489361702
"2","6",7,"3",1305.97,25,142010,5680.4
"2","6",7,"4",417.82,9,19434,2159.33333333333
"2","6",7,"5",1507.58,51,233769,4583.70588235294
"2","6",7,"6",3172.45,55,321914,5852.98181818182
"2","6",7,"7",1369.78,54,391112,7242.81481481481
"2","6",7,"8",792.12,24,127778,5324.08333333333
"2","6",7,"9",35319.16,1037,5765190,5559.48891031823
"2","7",1,"1",36.94,6,15613,2602.16666666667
"2","7",1,"4",28.33,1,3005,3005
"2","7",1,"6",20.84,4,5072,1268
"2","7",1,"9",342.29,26,157981,6076.19230769231
"2","7",2,"1",33.57,3,6068,2022.66666666667
"2","7",2,"4",22.69,1,1410,1410
"2","7",2,"5",10.46,2,33342,16671
"2","7",2,"6",24.96,1,4059,4059
"2","7",2,"9",349.42,15,145126,9675.06666666667
"2","7",3,"1",35.15,1,2200,2200
"2","7",3,"4",18.8,1,1588,1588
"2","7",3,"6",18.54,1,31442,31442
"2","7",3,"7",8.4,1,2800,2800
"2","7",3,"9",292.05,13,23491,1807
"2","7",4,"1",27.49,1,1329,1329
"2","7",4,"5",6.14,1,1916,1916
"2","7",4,"9",258.15,5,15880,3176
"2","7",5,"1",38.56,3,12590,4196.66666666667
"2","7",5,"9",267.12,8,11642,1455.25
"2","7",6,"1",63.98,2,6574,3287
"2","7",6,"2",16.87,4,7333,1833.25
"2","7",6,"9",453.04,9,81464,9051.55555555555
"2","7",7,"1",420.95,7,16802,2400.28571428571
"2","7",7,"2",126.12,1,6020,6020
"2","7",7,"3",39.14,1,1012,1012
"2","7",7,"4",59.08,1,3580,3580
"2","7",7,"5",81.78,3,3065,1021.66666666667
"2","7",7,"6",193.89,3,32827,10942.3333333333
"2","7",7,"7",71.27,1,603,603
"2","7",7,"8",31.36,1,1021,1021
"2","7",7,"9",2873.7,69,381570,5530
"3","1",1,"1",213.38,53,244561,4614.35849056604
"3","1",1,"2",76.97,26,187544,7213.23076923077
"3","1",1,"3",60.42,8,18624,2328
"3","1",1,"4",60.89,10,81052,8105.2
"3","1",1,"5",53.3,10,52745,5274.5
"3","1",1,"6",104.58,13,168471,12959.3076923077
"3","1",1,"7",24.92,4,5100,1275
"3","1",1,"8",12.91,3,42372,14124
"3","1",1,"9",2375.34,456,1911772,4192.48245614035
"3","1",2,"1",276.13,28,106668,3809.57142857143
"3","1",2,"2",73.41,14,30232,2159.42857142857
"3","1",2,"3",69.26,14,61941,4424.35714285714
"3","1",2,"4",73.29,5,66851,13370.2
"3","1",2,"5",52.25,7,57304,8186.28571428571
"3","1",2,"6",139.64,9,59193,6577
"3","1",2,"7",42.93,3,5646,1882
"3","1",2,"9",2472.22,297,1413344,4758.73400673401
"3","1",3,"1",299.1,36,196119,5447.75
"3","1",3,"2",87.6,11,55966,5087.81818181818
"3","1",3,"3",67.91,6,13026,2171
"3","1",3,"4",65.39,2,2186,1093
"3","1",3,"5",60.44,8,23091,2886.375
"3","1",3,"6",135.85,6,74018,12336.3333333333
"3","1",3,"7",48.67,2,3044,1522
"3","1",3,"8",16.35,3,12589,4196.33333333333
"3","1",3,"9",2411.79,256,1266725,4948.14453125
"3","1",4,"1",336.16,29,98220,3386.89655172414
"3","1",4,"2",119.03,9,61145,6793.88888888889
"3","1",4,"3",75.71,3,16285,5428.33333333333
"3","1",4,"5",69.52,11,67180,6107.27272727273
"3","1",4,"6",115.91,10,25912,2591.2
"3","1",4,"7",59.11,2,3783,1891.5
"3","1",4,"9",2419.59,209,905418,4332.14354066986
"3","1",5,"1",480.43,41,129476,3157.9512195122
"3","1",5,"2",164.22,16,133759,8359.9375
"3","1",5,"3",123.44,7,48811,6973
"3","1",5,"4",50.82,2,4868,2434
"3","1",5,"5",102.56,3,13127,4375.66666666667
"3","1",5,"6",159.79,15,44864,2990.93333333333
"3","1",5,"7",73.37,9,56128,6236.44444444444
"3","1",5,"8",32.92,2,1512,756
"3","1",5,"9",3214.83,274,1088795,3973.70437956204
"3","1",6,"1",1110.72,84,399470,4755.59523809524
"3","1",6,"2",327.3,32,100742,3148.1875
"3","1",6,"3",300.23,47,234344,4986.04255319149
"3","1",6,"4",52.79,2,6842,3421
"3","1",6,"5",209.45,23,67428,2931.65217391304
"3","1",6,"6",303.79,20,70487,3524.35
"3","1",6,"7",184.93,16,90830,5676.875
"3","1",6,"8",62.38,2,62884,31442
"3","1",6,"9",6151.48,625,3050824,4881.3184
"3","1",7,"1",4918.02,236,1326307,5619.94491525424
"3","1",7,"2",1398.19,72,342421,4755.84722222222
"3","1",7,"3",2349.67,45,142660,3170.22222222222
"3","1",7,"4",252.36,15,25307,1687.13333333333
"3","1",7,"5",881.09,52,195295,3755.67307692308
"3","1",7,"6",1520.51,58,307753,5306.08620689655
"3","1",7,"7",867.16,45,110181,2448.46666666667
"3","1",7,"8",306,7,68657,9808.14285714286
"3","1",7,"9",26905.35,1481,6783057,4580.05199189737
"3","2",1,"1",230.25,30,169977,5665.9
"3","2",1,"2",52.01,6,49480,8246.66666666667
"3","2",1,"3",42.02,6,19600,3266.66666666667
"3","2",1,"4",72.26,10,15713,1571.3
"3","2",1,"5",63.55,10,45597,4559.7
"3","2",1,"6",140.48,10,24925,2492.5
"3","2",1,"7",41.12,7,29069,4152.71428571429
"3","2",1,"8",15.44,4,19159,4789.75
"3","2",1,"9",2136.64,283,1188075,4198.14487632509
"3","2",2,"1",304.17,33,230024,6970.42424242424
"3","2",2,"2",74.05,9,25481,2831.22222222222
"3","2",2,"3",44.9,3,7212,2404
"3","2",2,"4",74.01,1,700,700
"3","2",2,"5",71.95,7,12796,1828
"3","2",2,"6",201.2,13,30337,2333.61538461538
"3","2",2,"7",49.51,4,35898,8974.5
"3","2",2,"8",11.53,1,5716,5716
"3","2",2,"9",2535.1,241,1050750,4359.95850622407
"3","2",3,"1",346.82,28,127469,4552.46428571429
"3","2",3,"2",74.87,13,71451,5496.23076923077
"3","2",3,"3",49.48,6,18584,3097.33333333333
"3","2",3,"4",67.62,4,11510,2877.5
"3","2",3,"5",75.8,11,59922,5447.45454545455
"3","2",3,"6",211.42,12,52349,4362.41666666667
"3","2",3,"7",58.59,6,19142,3190.33333333333
"3","2",3,"8",21.15,1,309,309
"3","2",3,"9",2607.48,222,986926,4445.61261261261
"3","2",4,"1",398.7,30,121008,4033.6
"3","2",4,"2",115.52,13,31036,2387.38461538462
"3","2",4,"3",61.44,5,15124,3024.8
"3","2",4,"4",46.99,2,4809,2404.5
"3","2",4,"5",81.79,9,79729,8858.77777777778
"3","2",4,"6",178.98,16,57389,3586.8125
"3","2",4,"7",73.74,4,13266,3316.5
"3","2",4,"8",21.73,2,6506,3253
"3","2",4,"9",2804.47,185,983263,5314.93513513514
"3","2",5,"1",577.94,44,164565,3740.11363636364
"3","2",5,"2",186.56,17,37312,2194.82352941176
"3","2",5,"3",99.25,5,70395,14079
"3","2",5,"4",37.92,2,3340,1670
"3","2",5,"5",114.6,12,36371,3030.91666666667
"3","2",5,"6",231.48,8,12793,1599.125
"3","2",5,"7",112.71,3,7993,2664.33333333333
"3","2",5,"8",49.52,1,7647,7647
"3","2",5,"9",3785.59,255,1135808,4454.14901960784
"3","2",6,"1",1204.54,64,297189,4643.578125
"3","2",6,"2",348.05,20,87441,4372.05
"3","2",6,"3",318.67,21,132964,6331.61904761905
"3","2",6,"4",59.64,2,2113,1056.5
"3","2",6,"5",233.04,14,55184,3941.71428571429
"3","2",6,"6",401.81,21,79575,3789.28571428571
"3","2",6,"7",229.04,16,63658,3978.625
"3","2",6,"8",113.66,5,69056,13811.2
"3","2",6,"9",7232.56,477,2168736,4546.61635220126
"3","2",7,"1",6206.24,291,1529817,5257.10309278351
"3","2",7,"2",1778.53,97,442424,4561.07216494845
"3","2",7,"3",1574.59,60,408143,6802.38333333333
"3","2",7,"4",257.82,12,34524,2877
"3","2",7,"5",1214.18,67,253711,3786.73134328358
"3","2",7,"6",1992.86,65,250177,3848.87692307692
"3","2",7,"7",1295.2,52,296108,5694.38461538462
"3","2",7,"8",502.83,27,92809,3437.37037037037
"3","2",7,"9",33844.51,1504,7698320,5118.56382978723
"3","3",1,"1",252.96,35,165902,4740.05714285714
"3","3",1,"2",55.7,6,15001,2500.16666666667
"3","3",1,"3",42.39,5,19085,3817
"3","3",1,"4",61.57,7,47058,6722.57142857143
"3","3",1,"5",76.42,18,103398,5744.33333333333
"3","3",1,"6",171.47,18,101601,5644.5
"3","3",1,"7",37.76,5,7103,1420.6
"3","3",1,"8",14.17,1,31442,31442
"3","3",1,"9",2164.34,294,1266124,4306.54421768707
"3","3",2,"1",354.49,43,270211,6283.97674418605
"3","3",2,"2",56.21,7,45695,6527.85714285714
"3","3",2,"3",33.16,1,6939,6939
"3","3",2,"4",72.74,5,12904,2580.8
"3","3",2,"5",88.73,11,26769,2433.54545454545
"3","3",2,"6",257.15,19,67830,3570
"3","3",2,"7",55.78,6,21727,3621.16666666667
"3","3",2,"8",26.57,2,7009,3504.5
"3","3",2,"9",2691.01,234,1261608,5391.48717948718
"3","3",3,"1",388.74,25,131184,5247.36
"3","3",3,"2",71.36,7,44201,6314.42857142857
"3","3",3,"3",38.48,1,4375,4375
"3","3",3,"4",71.03,2,5964,2982
"3","3",3,"5",86.96,11,42621,3874.63636363636
"3","3",3,"6",250.19,20,173266,8663.3
"3","3",3,"7",75,6,39333,6555.5
"3","3",3,"8",34.92,5,22418,4483.6
"3","3",3,"9",2786.03,190,858717,4519.56315789474
"3","3",4,"1",449.5,29,195168,6729.93103448276
"3","3",4,"2",106.66,7,51072,7296
"3","3",4,"3",50.85,3,34954,11651.3333333333
"3","3",4,"4",49.51,2,11339,5669.5
"3","3",4,"5",93.52,3,4737,1579
"3","3",4,"6",229.73,14,69250,4946.42857142857
"3","3",4,"7",93.86,6,23703,3950.5
"3","3",4,"8",35.25,2,33142,16571
"3","3",4,"9",2823.71,174,804353,4622.7183908046
"3","3",5,"1",623.39,41,164990,4024.14634146341
"3","3",5,"2",165.36,8,49197,6149.625
"3","3",5,"3",107.24,6,9345,1557.5
"3","3",5,"4",53.95,2,4256,2128
"3","3",5,"5",115.89,13,33965,2612.69230769231
"3","3",5,"6",289.39,14,64812,4629.42857142857
"3","3",5,"7",130.94,9,58316,6479.55555555556
"3","3",5,"8",68.28,3,5923,1974.33333333333
"3","3",5,"9",3795.31,233,1102967,4733.76394849785
"3","3",6,"1",1211.8,55,204035,3709.72727272727
"3","3",6,"2",331.56,27,160170,5932.22222222222
"3","3",6,"3",244.41,21,112398,5352.28571428571
"3","3",6,"4",69.85,4,7558,1889.5
"3","3",6,"5",285.97,13,72538,5579.84615384615
"3","3",6,"6",501.96,17,79132,4654.82352941176
"3","3",6,"7",260.81,16,66095,4130.9375
"3","3",6,"8",140.81,11,99429,9039
"3","3",6,"9",6982.23,418,2296256,5493.43540669856
"3","3",7,"1",6637.23,243,1109910,4567.53086419753
"3","3",7,"2",1681.52,71,377529,5317.30985915493
"3","3",7,"3",1688.25,47,211505,4500.10638297872
"3","3",7,"4",319.83,6,49844,8307.33333333333
"3","3",7,"5",1402.18,55,204355,3715.54545454545
"3","3",7,"6",2650.35,76,436313,5740.96052631579
"3","3",7,"7",1414.4,56,314402,5614.32142857143
"3","3",7,"8",821.8,32,244466,7639.5625
"3","3",7,"9",36595.09,1462,7765626,5311.64569083447
"3","4",1,"1",559.52,82,333333,4065.03658536585
"3","4",1,"2",79.18,9,83389,9265.44444444445
"3","4",1,"3",52.97,5,10472,2094.4
"3","4",1,"4",139.86,4,13468,3367
"3","4",1,"5",125.06,21,139195,6628.33333333333
"3","4",1,"6",395.86,34,101041,2971.79411764706
"3","4",1,"7",65.27,4,13716,3429
"3","4",1,"8",25.95,3,14203,4734.33333333333
"3","4",1,"9",4174.3,477,2028574,4252.77568134172
"3","4",2,"1",759.38,75,461748,6156.64
"3","4",2,"2",95.99,9,12058,1339.77777777778
"3","4",2,"3",61.91,2,10300,5150
"3","4",2,"4",162.43,7,38966,5566.57142857143
"3","4",2,"5",171.4,17,79870,4698.23529411765
"3","4",2,"6",581.13,31,233888,7544.77419354839
"3","4",2,"7",141.7,11,85892,7808.36363636364
"3","4",2,"8",33.05,3,13031,4343.66666666667
"3","4",2,"9",5179.78,407,2133862,5242.90417690418
"3","4",3,"1",882.28,67,325944,4864.83582089552
"3","4",3,"2",140.89,6,22634,3772.33333333333
"3","4",3,"3",80.68,1,3416,3416
"3","4",3,"4",120.58,3,70053,23351
"3","4",3,"5",168.89,12,23087,1923.91666666667
"3","4",3,"6",566.4,24,143467,5977.79166666667
"3","4",3,"7",141.85,13,34102,2623.23076923077
"3","4",3,"8",59.83,5,41928,8385.6
"3","4",3,"9",5273.39,323,1769366,5477.9133126935
"3","4",4,"1",930.38,53,294693,5560.24528301887
"3","4",4,"2",186.23,13,91535,7041.15384615385
"3","4",4,"3",103.32,2,12215,6107.5
"3","4",4,"4",95.19,3,36777,12259
"3","4",4,"5",202.06,16,71636,4477.25
"3","4",4,"6",507.25,21,47506,2262.19047619048
"3","4",4,"7",153.52,9,81848,9094.22222222222
"3","4",4,"8",80.05,2,7466,3733
"3","4",4,"9",5361.38,290,1551046,5348.43448275862
"3","4",5,"1",1240.15,72,441578,6133.02777777778
"3","4",5,"2",271.62,16,87667,5479.1875
"3","4",5,"3",229.54,14,83355,5953.92857142857
"3","4",5,"4",95.75,2,8741,4370.5
"3","4",5,"5",262.73,18,44435,2468.61111111111
"3","4",5,"6",575.18,17,65613,3859.58823529412
"3","4",5,"7",240.02,14,28430,2030.71428571429
"3","4",5,"8",132.37,2,7701,3850.5
"3","4",5,"9",7316.31,332,2030248,6115.20481927711
"3","4",6,"1",2278.6,101,444371,4399.71287128713
"3","4",6,"2",587.8,31,122651,3956.48387096774
"3","4",6,"3",504.36,14,103196,7371.14285714286
"3","4",6,"4",124.82,2,31519,15759.5
"3","4",6,"5",520.21,26,116043,4463.19230769231
"3","4",6,"6",969.68,40,193661,4841.525
"3","4",6,"7",483.93,22,64380,2926.36363636364
"3","4",6,"8",317.12,15,150041,10002.7333333333
"3","4",6,"9",13375.57,616,3207923,5207.66720779221
"3","4",7,"1",14598.67,444,2526990,5691.41891891892
"3","4",7,"2",3769.94,118,775364,6570.8813559322
"3","4",7,"3",3657.95,104,731869,7037.20192307692
"3","4",7,"4",639.63,8,13695,1711.875
"3","4",7,"5",3018.7,95,485071,5106.01052631579
"3","4",7,"6",6256.55,150,730785,4871.9
"3","4",7,"7",2890.19,115,676893,5886.02608695652
"3","4",7,"8",2160,55,380519,6918.52727272727
"3","4",7,"9",79614.96,2548,13203616,5181.95290423862
"3","5",1,"1",66.18,11,86991,7908.27272727273
"3","5",1,"2",12.2,2,4206,2103
"3","5",1,"4",12.55,1,31442,31442
"3","5",1,"5",16.22,1,617,617
"3","5",1,"6",45.16,1,1606,1606
"3","5",1,"7",10.26,4,8787,2196.75
"3","5",1,"9",582.17,82,288772,3521.60975609756
"3","5",2,"1",95.88,4,40620,10155
"3","5",2,"2",14.67,1,1234,1234
"3","5",2,"5",23.38,5,10834,2166.8
"3","5",2,"6",64.73,6,80041,13340.1666666667
"3","5",2,"9",682.07,66,251890,3816.51515151515
"3","5",3,"1",106.06,9,52060,5784.44444444444
"3","5",3,"2",25.79,3,5523,1841
"3","5",3,"3",12.55,1,901,901
"3","5",3,"4",12.61,1,2693,2693
"3","5",3,"5",28.41,1,1300,1300
"3","5",3,"6",69.25,4,10121,2530.25
"3","5",3,"9",696.56,44,270042,6137.31818181818
"3","5",4,"1",122.77,6,40268,6711.33333333333
"3","5",4,"2",28.66,1,1100,1100
"3","5",4,"3",18.5,1,1855,1855
"3","5",4,"6",71.37,4,11034,2758.5
"3","5",4,"7",22.78,1,3056,3056
"3","5",4,"8",10.62,2,32355,16177.5
"3","5",4,"9",741.23,44,249540,5671.36363636364
"3","5",5,"1",186.4,6,97634,16272.3333333333
"3","5",5,"2",39.3,2,32030,16015
"3","5",5,"3",31.63,2,6342,3171
"3","5",5,"5",33.94,5,13825,2765
"3","5",5,"6",88.3,2,32833,16416.5
"3","5",5,"7",36.43,4,3897,974.25
"3","5",5,"8",29.33,1,31442,31442
"3","5",5,"9",1017.94,56,268945,4802.58928571429
"3","5",6,"1",359.83,15,218411,14560.7333333333
"3","5",6,"2",79.26,10,50649,5064.9
"3","5",6,"3",73.62,5,8906,1781.2
"3","5",6,"5",83.2,6,49166,8194.33333333333
"3","5",6,"6",138.19,4,18433,4608.25
"3","5",6,"7",79.55,3,12478,4159.33333333333
"3","5",6,"8",54.94,2,4486,2243
"3","5",6,"9",1941.76,89,319443,3589.24719101124
"3","5",7,"1",1855.3,65,358790,5519.84615384615
"3","5",7,"2",457.25,25,217118,8684.72
"3","5",7,"3",442.87,16,74000,4625
"3","5",7,"4",61.12,2,3887,1943.5
"3","5",7,"5",367.21,21,109371,5208.14285714286
"3","5",7,"6",633.37,19,145079,7635.73684210526
"3","5",7,"7",386.49,14,41905,2993.21428571429
"3","5",7,"8",252.47,13,92133,7087.15384615385
"3","5",7,"9",9545.23,396,1983959,5009.99747474747
"3","6",1,"1",187.75,35,171592,4902.62857142857
"3","6",1,"2",24.04,4,15092,3773
"3","6",1,"3",13.61,2,32158,16079
"3","6",1,"4",33.47,1,4487,4487
"3","6",1,"5",41.84,8,13586,1698.25
"3","6",1,"6",136.14,19,42561,2240.05263157895
"3","6",1,"7",30.6,1,556,556
"3","6",1,"8",15.77,4,4684,1171
"3","6",1,"9",1238.84,140,720084,5143.45714285714
"3","6",2,"1",259.57,30,142441,4748.03333333333
"3","6",2,"2",29.78,1,2640,2640
"3","6",2,"4",37.07,1,9869,9869
"3","6",2,"5",58.8,4,11865,2966.25
"3","6",2,"6",209.75,8,80833,10104.125
"3","6",2,"7",48.04,6,17574,2929
"3","6",2,"8",26.94,2,9713,4856.5
"3","6",2,"9",1626.78,125,470051,3760.408
"3","6",3,"1",299.91,19,169849,8939.42105263158
"3","6",3,"5",54.01,4,4943,1235.75
"3","6",3,"6",181.06,11,42891,3899.18181818182
"3","6",3,"8",38.09,3,3450,1150
"3","6",3,"9",1632.96,92,403488,4385.73913043478
"3","6",4,"1",300.59,17,117401,6905.94117647059
"3","6",4,"2",44.31,5,12173,2434.6
"3","6",4,"5",53.55,3,5949,1983
"3","6",4,"6",163.02,7,25358,3622.57142857143
"3","6",4,"7",58.78,5,43236,8647.2
"3","6",4,"8",46.23,2,1803,901.5
"3","6",4,"9",1577.85,80,447128,5589.1
"3","6",5,"1",385.54,16,110578,6911.125
"3","6",5,"2",84.29,6,13624,2270.66666666667
"3","6",5,"3",64.25,1,1518,1518
"3","6",5,"5",78.56,6,20737,3456.16666666667
"3","6",5,"6",198.91,7,20881,2983
"3","6",5,"7",68.71,2,9151,4575.5
"3","6",5,"8",61.13,3,18101,6033.66666666667
"3","6",5,"9",2017.86,112,644496,5754.42857142857
"3","6",6,"1",772.69,32,120917,3778.65625
"3","6",6,"2",188.97,11,69871,6351.90909090909
"3","6",6,"3",141.34,4,49093,12273.25
"3","6",6,"5",160.82,7,53193,7599
"3","6",6,"6",328.78,17,79488,4675.76470588235
"3","6",6,"7",136.87,11,36441,3312.81818181818
"3","6",6,"8",155.63,4,35412,8853
"3","6",6,"9",3855.71,164,981465,5984.54268292683
"3","6",7,"1",4739.07,156,1031429,6611.72435897436
"3","6",7,"2",1134.37,45,235652,5236.71111111111
"3","6",7,"3",1078.25,32,168555,5267.34375
"3","6",7,"4",151.43,2,5982,2991
"3","6",7,"5",971.01,35,95823,2737.8
"3","6",7,"6",1928.14,45,368238,8183.06666666667
"3","6",7,"7",889.08,27,89649,3320.33333333333
"3","6",7,"8",900.56,35,228604,6531.54285714286
"3","6",7,"9",22985.48,799,4265828,5338.95869837297
"3","7",1,"1",3.39,1,303,303
"3","7",1,"5",1.34,1,906,906
"3","7",1,"9",78.57,6,66711,11118.5
"3","7",2,"4",5.71,1,31442,31442
"3","7",2,"5",4.12,1,31442,31442
"3","7",2,"9",111.66,10,33310,3331
"3","7",3,"1",15.14,1,1441,1441
"3","7",3,"9",105.76,8,14449,1806.125
"3","7",4,"2",1.92,1,794,794
"3","7",4,"7",1.9,3,11762,3920.66666666667
"3","7",4,"9",110.85,5,41333,8266.6
"3","7",5,"9",146.21,7,49986,7140.85714285714
"3","7",6,"1",31.22,2,4738,2369
"3","7",6,"5",4.25,2,2063,1031.5
"3","7",6,"6",13.08,1,1769,1769
"3","7",6,"9",292.33,10,22382,2238.2
"3","7",7,"1",288.36,12,41206,3433.83333333333
"3","7",7,"2",84.68,1,1200,1200
"3","7",7,"3",29.99,1,31442,31442
"3","7",7,"4",19.07,1,3608,3608
"3","7",7,"5",37.96,1,1455,1455
"3","7",7,"6",113.33,2,7618,3809
"3","7",7,"7",40.84,2,34979,17489.5
"3","7",7,"9",1720.36,57,226934,3981.29824561404
"4","1",1,"1",49.31,11,23218,2110.72727272727
"4","1",1,"2",22.93,6,14940,2490
"4","1",1,"3",34.01,9,101091,11232.3333333333
"4","1",1,"5",17.77,4,4164,1041
"4","1",1,"6",18.59,1,3044,3044
"4","1",1,"8",4.31,1,400,400
"4","1",1,"9",601.75,103,381138,3700.36893203883
"4","1",2,"1",77.53,6,16812,2802
"4","1",2,"2",29.09,5,9656,1931.2
"4","1",2,"3",36.39,6,10543,1757.16666666667
"4","1",2,"4",11.32,1,8231,8231
"4","1",2,"5",18.74,3,4571,1523.66666666667
"4","1",2,"6",32.02,3,38542,12847.3333333333
"4","1",2,"7",13.62,1,954,954
"4","1",2,"9",735.71,86,391512,4552.46511627907
"4","1",3,"1",85.77,4,14451,3612.75
"4","1",3,"2",36.08,2,3784,1892
"4","1",3,"3",34.31,6,8274,1379
"4","1",3,"4",12.01,1,917,917
"4","1",3,"5",19.1,4,14439,3609.75
"4","1",3,"6",32.8,4,12608,3152
"4","1",3,"7",18.59,1,900,900
"4","1",3,"8",8.54,3,4956,1652
"4","1",3,"9",729.62,88,599538,6812.93181818182
"4","1",4,"1",105.73,15,90111,6007.4
"4","1",4,"2",35.14,6,38663,6443.83333333333
"4","1",4,"3",53.38,1,3000,3000
"4","1",4,"4",6.89,1,4686,4686
"4","1",4,"5",18.19,3,3372,1124
"4","1",4,"6",34.63,2,3178,1589
"4","1",4,"9",766.14,71,430373,6061.59154929577
"4","1",5,"1",166.1,7,40729,5818.42857142857
"4","1",5,"2",66.54,5,43356,8671.2
"4","1",5,"3",48.99,7,17562,2508.85714285714
"4","1",5,"4",10.91,1,993,993
"4","1",5,"5",32.5,5,47591,9518.2
"4","1",5,"6",53.9,4,15205,3801.25
"4","1",5,"7",17.88,2,8643,4321.5
"4","1",5,"8",17.04,2,3314,1657
"4","1",5,"9",1064.66,96,403899,4207.28125
"4","1",6,"1",344.68,32,184118,5753.6875
"4","1",6,"2",125.36,15,34894,2326.26666666667
"4","1",6,"3",130.03,11,66353,6032.09090909091
"4","1",6,"5",73.29,10,122551,12255.1
"4","1",6,"6",95.16,4,9655,2413.75
"4","1",6,"7",51.85,3,33098,11032.6666666667
"4","1",6,"8",35.32,5,12104,2420.8
"4","1",6,"9",2154.39,173,702215,4059.04624277457
"4","1",7,"1",1528.57,87,483084,5552.68965517241
"4","1",7,"2",567.56,35,209646,5989.88571428571
"4","1",7,"3",563.23,34,107767,3169.61764705882
"4","1",7,"4",65.95,3,12950,4316.66666666667
"4","1",7,"5",278.46,24,93032,3876.33333333333
"4","1",7,"6",395.47,10,27088,2708.8
"4","1",7,"7",230.9,5,22495,4499
"4","1",7,"8",163.53,8,27401,3425.125
"4","1",7,"9",8738.13,520,2437429,4687.36346153846
"4","2",1,"1",52.42,9,50023,5558.11111111111
"4","2",1,"2",18.13,3,33786,11262
"4","2",1,"4",7.31,2,6906,3453
"4","2",1,"5",17.93,7,18501,2643
"4","2",1,"6",35.36,2,5317,2658.5
"4","2",1,"7",10.18,2,1329,664.5
"4","2",1,"8",3.66,2,3465,1732.5
"4","2",1,"9",510.14,83,357640,4308.9156626506
"4","2",2,"1",73.64,7,45054,6436.28571428571
"4","2",2,"2",25.83,4,12796,3199
"4","2",2,"3",17.27,1,148,148
"4","2",2,"5",23.46,2,6103,3051.5
"4","2",2,"6",58.09,5,36882,7376.4
"4","2",2,"7",20.45,2,4383,2191.5
"4","2",2,"9",720.52,98,456585,4659.0306122449
"4","2",3,"1",126.64,11,28994,2635.81818181818
"4","2",3,"2",35.86,4,8066,2016.5
"4","2",3,"3",21.01,2,10160,5080
"4","2",3,"5",19.53,1,6861,6861
"4","2",3,"6",56.42,3,7874,2624.66666666667
"4","2",3,"7",26.02,3,10624,3541.33333333333
"4","2",3,"8",10.09,2,6237,3118.5
"4","2",3,"9",855.76,62,303872,4901.16129032258
"4","2",4,"1",138.08,16,134301,8393.8125
"4","2",4,"2",41.49,3,7068,2356
"4","2",4,"3",34.65,3,38011,12670.3333333333
"4","2",4,"5",24.21,6,25737,4289.5
"4","2",4,"6",54.79,2,2560,1280
"4","2",4,"7",34.39,2,34833,17416.5
"4","2",4,"9",903.99,70,360223,5146.04285714286
"4","2",5,"1",199.99,14,66020,4715.71428571429
"4","2",5,"2",67.63,8,23998,2999.75
"4","2",5,"3",44.13,1,2288,2288
"4","2",5,"5",37.01,2,5688,2844
"4","2",5,"6",67.39,4,5756,1439
"4","2",5,"7",38.42,3,4812,1604
"4","2",5,"8",20.27,4,36477,9119.25
"4","2",5,"9",1305.83,99,321088,3243.31313131313
"4","2",6,"1",452.94,31,97902,3158.12903225806
"4","2",6,"2",166.21,17,158030,9295.88235294118
"4","2",6,"3",127.04,10,66279,6627.9
"4","2",6,"4",16.52,1,1800,1800
"4","2",6,"5",91.55,8,9753,1219.125
"4","2",6,"6",135.02,3,8171,2723.66666666667
"4","2",6,"7",83.37,7,14223,2031.85714285714
"4","2",6,"8",65.8,1,4332,4332
"4","2",6,"9",2702.27,157,912421,5811.59872611465
"4","2",7,"1",2110.59,107,595146,5562.11214953271
"4","2",7,"2",708.77,43,155553,3617.51162790698
"4","2",7,"3",717.74,28,222823,7957.96428571429
"4","2",7,"4",55.84,2,5417,2708.5
"4","2",7,"5",403.75,21,52327,2491.7619047619
"4","2",7,"6",630.8,30,78258,2608.6
"4","2",7,"7",410.91,26,73043,2809.34615384615
"4","2",7,"8",328.26,5,14963,2992.6
"4","2",7,"9",12169.67,598,3223609,5390.65050167224
"4","3",1,"1",70.13,12,55595,4632.91666666667
"4","3",1,"2",17.58,1,8064,8064
"4","3",1,"3",23.46,2,6214,3107
"4","3",1,"4",11.23,1,8670,8670
"4","3",1,"5",13.24,3,2138,712.666666666667
"4","3",1,"6",47.61,5,12105,2421
"4","3",1,"9",499.28,52,237894,4574.88461538462
"4","3",2,"1",112.86,11,25656,2332.36363636364
"4","3",2,"2",26.77,1,3915,3915
"4","3",2,"3",25.69,7,41229,5889.85714285714
"4","3",2,"4",11.26,1,3468,3468
"4","3",2,"5",23.55,3,2732,910.666666666667
"4","3",2,"6",78.7,6,18099,3016.5
"4","3",2,"7",19.31,4,8908,2227
"4","3",2,"8",7.38,1,31442,31442
"4","3",2,"9",784.88,74,291386,3937.64864864865
"4","3",3,"1",132.22,11,112977,10270.6363636364
"4","3",3,"2",32.33,2,5747,2873.5
"4","3",3,"3",23.84,1,31442,31442
"4","3",3,"4",12.19,1,2400,2400
"4","3",3,"5",31.33,1,939,939
"4","3",3,"6",92.3,6,47618,7936.33333333333
"4","3",3,"7",18.55,3,10335,3445
"4","3",3,"9",881.54,46,198404,4313.13043478261
"4","3",4,"1",181.06,9,45410,5045.55555555556
"4","3",4,"5",31.21,6,44195,7365.83333333333
"4","3",4,"6",89.92,3,10382,3460.66666666667
"4","3",4,"7",31.18,2,3523,1761.5
"4","3",4,"8",17.15,3,10519,3506.33333333333
"4","3",4,"9",958.53,73,380081,5206.58904109589
"4","3",5,"1",232.21,9,86821,9646.77777777778
"4","3",5,"3",48.14,2,34624,17312
"4","3",5,"5",52.17,2,3952,1976
"4","3",5,"6",107.44,6,46145,7690.83333333333
"4","3",5,"7",40.18,5,11704,2340.8
"4","3",5,"9",1404.67,95,417261,4392.22105263158
"4","3",6,"1",502.26,23,107693,4682.30434782609
"4","3",6,"2",135.72,14,84314,6022.42857142857
"4","3",6,"3",140.08,5,9624,1924.8
"4","3",6,"5",107.97,5,17978,3595.6
"4","3",6,"6",143.88,11,27311,2482.81818181818
"4","3",6,"7",87.39,8,42469,5308.625
"4","3",6,"8",82.11,4,18826,4706.5
"4","3",6,"9",2805.94,139,733705,5278.45323741007
"4","3",7,"1",2312.76,107,695827,6503.05607476635
"4","3",7,"2",676.83,29,146054,5036.34482758621
"4","3",7,"3",748.35,33,169849,5146.93939393939
"4","3",7,"4",79.77,5,42430,8486
"4","3",7,"5",504.39,18,66503,3694.61111111111
"4","3",7,"6",862.65,25,124101,4964.04
"4","3",7,"7",512.76,17,59311,3488.88235294118
"4","3",7,"8",470.4,22,121196,5508.90909090909
"4","3",7,"9",13951.57,584,2899470,4964.84589041096
"4","4",1,"1",172.47,21,105510,5024.28571428571
"4","4",1,"3",30.77,5,40261,8052.2
"4","4",1,"5",30.82,3,43190,14396.6666666667
"4","4",1,"6",104.04,9,25652,2850.22222222222
"4","4",1,"7",20.72,4,7244,1811
"4","4",1,"8",11.16,2,2280,1140
"4","4",1,"9",944.79,90,407441,4527.12222222222
"4","4",2,"1",269.84,31,271937,8772.16129032258
"4","4",2,"2",44.88,4,18343,4585.75
"4","4",2,"3",43.45,4,16229,4057.25
"4","4",2,"4",35.07,2,1770,885
"4","4",2,"5",48.57,7,18027,2575.28571428571
"4","4",2,"6",164.27,13,55542,4272.46153846154
"4","4",2,"7",31.44,2,2738,1369
"4","4",2,"8",21.8,2,1710,855
"4","4",2,"9",1582.15,144,690199,4793.04861111111
"4","4",3,"1",324.35,21,81074,3860.66666666667
"4","4",3,"2",67.35,5,7762,1552.4
"4","4",3,"3",35.51,2,2184,1092
"4","4",3,"4",17.58,1,1500,1500
"4","4",3,"5",49.59,6,12520,2086.66666666667
"4","4",3,"6",164.43,15,139115,9274.33333333333
"4","4",3,"7",48.55,5,9487,1897.4
"4","4",3,"8",28.33,2,34108,17054
"4","4",3,"9",1687.61,120,623928,5199.4
"4","4",4,"1",328.35,21,88706,4224.09523809524
"4","4",4,"2",80.47,5,6326,1265.2
"4","4",4,"3",56.09,3,5281,1760.33333333333
"4","4",4,"5",64.24,4,39255,9813.75
"4","4",4,"6",174.1,9,57665,6407.22222222222
"4","4",4,"7",50.19,3,7652,2550.66666666667
"4","4",4,"8",55.6,4,9368,2342
"4","4",4,"9",1907.97,101,489424,4845.78217821782
"4","4",5,"1",481.3,30,86157,2871.9
"4","4",5,"2",130.83,4,41552,10388
"4","4",5,"3",93.2,4,45751,11437.75
"4","4",5,"4",21.78,1,2193,2193
"4","4",5,"5",83.41,8,27643,3455.375
"4","4",5,"6",228.49,12,113934,9494.5
"4","4",5,"7",90.12,5,14731,2946.2
"4","4",5,"8",84.36,7,13308,1901.14285714286
"4","4",5,"9",2775.52,160,865925,5412.03125
"4","4",6,"1",978.57,44,304384,6917.81818181818
"4","4",6,"2",284.51,12,110861,9238.41666666667
"4","4",6,"3",259.23,15,36007,2400.46666666667
"4","4",6,"5",179.94,6,57514,9585.66666666667
"4","4",6,"6",398.99,18,123132,6840.66666666667
"4","4",6,"7",159.68,7,42550,6078.57142857143
"4","4",6,"8",179.44,15,135172,9011.46666666667
"4","4",6,"9",5553.54,255,1529493,5998.01176470588
"4","4",7,"1",5091.56,187,1200157,6417.95187165775
"4","4",7,"2",1618.34,67,364718,5443.55223880597
"4","4",7,"3",1710.88,74,348802,4713.54054054054
"4","4",7,"4",166.09,4,7563,1890.75
"4","4",7,"5",1098.94,50,223397,4467.94
"4","4",7,"6",2288.5,62,240148,3873.35483870968
"4","4",7,"7",1101.12,46,264633,5752.89130434783
"4","4",7,"8",1289.41,43,195629,4549.51162790698
"4","4",7,"9",30873.62,1186,6834531,5762.673693086
"4","5",1,"1",14.14,2,2676,1338
"4","5",1,"2",3.98,2,9979,4989.5
"4","5",1,"5",5.26,1,600,600
"4","5",1,"6",12.36,2,7638,3819
"4","5",1,"9",110.4,14,61788,4413.42857142857
"4","5",2,"1",22.43,1,1825,1825
"4","5",2,"6",19.16,1,1258,1258
"4","5",2,"7",3.64,1,72,72
"4","5",2,"9",184.5,17,134556,7915.05882352941
"4","5",3,"1",28.65,3,2343,781
"4","5",3,"2",10.98,1,5762,5762
"4","5",3,"5",6.91,1,956,956
"4","5",3,"6",26.36,2,11007,5503.5
"4","5",3,"7",3.84,1,2330,2330
"4","5",3,"9",210.68,12,49731,4144.25
"4","5",4,"1",41.28,1,4333,4333
"4","5",4,"2",9.24,1,31442,31442
"4","5",4,"3",9.24,1,1684,1684
"4","5",4,"6",20.82,1,5368,5368
"4","5",4,"9",235.24,15,106855,7123.66666666667
"4","5",5,"1",59.64,5,18003,3600.6
"4","5",5,"3",9.66,1,31442,31442
"4","5",5,"9",348.3,30,250211,8340.36666666667
"4","5",6,"1",136.9,12,96970,8080.83333333333
"4","5",6,"2",30.74,1,1503,1503
"4","5",6,"3",38.5,3,35613,11871
"4","5",6,"5",31.5,3,6302,2100.66666666667
"4","5",6,"6",39.79,3,34383,11461
"4","5",6,"7",27.33,1,31442,31442
"4","5",6,"8",26.32,2,34167,17083.5
"4","5",6,"9",755.36,47,255811,5442.78723404255
"4","5",7,"1",593.04,21,123958,5902.7619047619
"4","5",7,"2",158.87,11,47492,4317.45454545455
"4","5",7,"3",196.15,9,30277,3364.11111111111
"4","5",7,"5",104.85,1,1978,1978
"4","5",7,"6",194.9,4,10588,2647
"4","5",7,"7",138.42,7,67566,9652.28571428571
"4","5",7,"8",149.13,3,9709,3236.33333333333
"4","5",7,"9",3152.35,156,768061,4923.46794871795
"4","6",1,"1",59.95,10,31740,3174
"4","6",1,"3",7.13,1,2360,2360
"4","6",1,"5",8.74,2,13931,6965.5
"4","6",1,"6",25.54,3,32660,10886.6666666667
"4","6",1,"7",7.17,2,4415,2207.5
"4","6",1,"9",282.66,22,56172,2553.27272727273
"4","6",2,"1",93.52,11,25417,2310.63636363636
"4","6",2,"5",11.91,3,41995,13998.3333333333
"4","6",2,"6",70.7,3,11924,3974.66666666667
"4","6",2,"7",10.96,1,31442,31442
"4","6",2,"9",468.91,34,209378,6158.17647058824
"4","6",3,"1",104.27,8,51392,6424
"4","6",3,"2",16,1,1363,1363
"4","6",3,"3",9.16,2,4211,2105.5
"4","6",3,"5",11.33,1,3759,3759
"4","6",3,"6",58.02,3,10592,3530.66666666667
"4","6",3,"7",19.89,2,8013,4006.5
"4","6",3,"8",11.8,1,6140,6140
"4","6",3,"9",517.45,34,165960,4881.17647058824
"4","6",4,"1",103.11,8,23206,2900.75
"4","6",4,"3",18.18,1,1955,1955
"4","6",4,"5",15.31,2,5460,2730
"4","6",4,"7",19.28,2,8463,4231.5
"4","6",4,"8",25.32,1,2735,2735
"4","6",4,"9",525.48,29,191633,6608.03448275862
"4","6",5,"1",129.17,5,14134,2826.8
"4","6",5,"2",32.33,4,15546,3886.5
"4","6",5,"3",31.2,1,2965,2965
"4","6",5,"6",70.88,3,36493,12164.3333333333
"4","6",5,"7",26.85,5,10031,2006.2
"4","6",5,"8",37.44,1,6323,6323
"4","6",5,"9",777.52,35,203397,5811.34285714286
"4","6",6,"1",269.86,15,75377,5025.13333333333
"4","6",6,"2",82.85,3,5504,1834.66666666667
"4","6",6,"3",79.68,3,9347,3115.66666666667
"4","6",6,"5",64.77,3,13395,4465
"4","6",6,"6",114.7,4,14816,3704
"4","6",6,"7",52.7,5,7421,1484.2
"4","6",6,"8",84.33,2,10085,5042.5
"4","6",6,"9",1566.18,70,289782,4139.74285714286
"4","6",7,"1",1647.08,55,309988,5636.14545454545
"4","6",7,"2",477.62,23,155510,6761.30434782609
"4","6",7,"3",484.42,20,94528,4726.4
"4","6",7,"4",35.59,1,31442,31442
"4","6",7,"5",335.13,16,89775,5610.9375
"4","6",7,"6",731.98,10,57899,5789.9
"4","6",7,"7",314.96,7,19365,2766.42857142857
"4","6",7,"8",568.29,24,210966,8790.25
"4","6",7,"9",9304.84,356,2121962,5960.56741573034
"4","7",1,"9",25.33,2,4465,2232.5
"4","7",2,"6",4.13,1,429,429
"4","7",2,"9",27.7,2,5216,2608
"4","7",3,"6",5.43,1,1073,1073
"4","7",3,"9",31.66,3,7305,2435
"4","7",4,"1",4.29,1,626,626
"4","7",4,"9",36.11,3,4855,1618.33333333333
"4","7",5,"1",9.89,1,4125,4125
"4","7",5,"9",46.95,2,2864,1432
"4","7",6,"3",4.06,1,1140,1140
"4","7",6,"5",2.7,1,5000,5000
"4","7",6,"9",100.73,4,14546,3636.5
"4","7",7,"1",86.76,1,913,913
"4","7",7,"2",36.79,3,6744,2248
"4","7",7,"9",661.33,15,79549,5303.26666666667
"5","1",1,"1",39.38,8,19055,2381.875
"5","1",1,"2",33.22,14,70516,5036.85714285714
"5","1",1,"3",25.94,6,12853,2142.16666666667
"5","1",1,"5",5.83,1,5315,5315
"5","1",1,"6",10.55,2,14735,7367.5
"5","1",1,"7",4.18,2,3699,1849.5
"5","1",1,"8",8.91,4,2745,686.25
"5","1",1,"9",643.63,172,802056,4663.11627906977
"5","1",2,"1",40.03,7,53251,7607.28571428571
"5","1",2,"2",31.2,8,64325,8040.625
"5","1",2,"3",40.44,6,51965,8660.83333333333
"5","1",2,"4",4.58,1,8390,8390
"5","1",2,"6",20.21,2,8498,4249
"5","1",2,"8",7.78,2,31442,15721
"5","1",2,"9",697.77,122,505940,4147.04918032787
"5","1",3,"1",54.57,8,17149,2143.625
"5","1",3,"2",36.47,8,46332,5791.5
"5","1",3,"3",32.03,6,42364,7060.66666666667
"5","1",3,"6",18.96,1,1000,1000
"5","1",3,"7",8.71,2,8327,4163.5
"5","1",3,"8",14.5,5,39056,7811.2
"5","1",3,"9",618.16,98,524453,5351.5612244898
"5","1",4,"1",61.37,3,67055,22351.6666666667
"5","1",4,"2",40.59,5,18027,3605.4
"5","1",4,"5",16.54,1,1725,1725
"5","1",4,"6",20.67,3,10781,3593.66666666667
"5","1",4,"7",9.94,1,3530,3530
"5","1",4,"8",21.16,3,3762,1254
"5","1",4,"9",617.39,81,449815,5553.27160493827
"5","1",5,"1",92.05,11,18385,1671.36363636364
"5","1",5,"2",65.64,10,47270,4727
"5","1",5,"3",58.99,5,40553,8110.6
"5","1",5,"5",18.46,2,8860,4430
"5","1",5,"6",22.92,1,1845,1845
"5","1",5,"7",11.36,3,36029,12009.6666666667
"5","1",5,"8",22.87,1,3801,3801
"5","1",5,"9",820.04,111,426845,3845.45045045045
"5","1",6,"1",183.54,8,30510,3813.75
"5","1",6,"2",116.62,15,66600,4440
"5","1",6,"3",115.02,11,56739,5158.09090909091
"5","1",6,"5",42.25,4,6990,1747.5
"5","1",6,"6",47.19,4,4778,1194.5
"5","1",6,"7",23.47,1,2943,2943
"5","1",6,"8",55.74,8,105275,13159.375
"5","1",6,"9",1623.22,154,653118,4241.02597402597
"5","1",7,"1",717.63,47,208573,4437.72340425532
"5","1",7,"2",401.42,35,150942,4312.62857142857
"5","1",7,"3",439.61,30,266009,8866.96666666667
"5","1",7,"4",21.22,1,2000,2000
"5","1",7,"5",145.24,9,53228,5914.22222222222
"5","1",7,"6",182.52,9,15099,1677.66666666667
"5","1",7,"7",102.4,5,8972,1794.4
"5","1",7,"8",186.24,14,31626,2259
"5","1",7,"9",5539.09,416,2249007,5406.26682692308
"5","2",1,"1",43.32,4,13238,3309.5
"5","2",1,"2",21.67,5,8608,1721.6
"5","2",1,"3",21.83,1,2495,2495
"5","2",1,"4",6.92,2,5307,2653.5
"5","2",1,"5",9.75,1,6866,6866
"5","2",1,"9",451.09,87,438695,5042.47126436782
"5","2",2,"1",53.04,10,68513,6851.3
"5","2",2,"2",26.38,4,8435,2108.75
"5","2",2,"3",29.54,3,8813,2937.66666666667
"5","2",2,"5",11.94,2,3694,1847
"5","2",2,"6",27.82,2,4249,2124.5
"5","2",2,"7",11.17,1,2686,2686
"5","2",2,"9",576.16,76,302181,3976.06578947368
"5","2",3,"1",71.9,8,51707,6463.375
"5","2",3,"2",31.96,6,25061,4176.83333333333
"5","2",3,"3",28.18,3,34674,11558
"5","2",3,"5",10.02,2,2855,1427.5
"5","2",3,"6",22.94,1,8000,8000
"5","2",3,"7",13.41,1,435,435
"5","2",3,"8",16.4,1,4005,4005
"5","2",3,"9",612.27,64,228163,3565.046875
"5","2",4,"1",75.09,3,12022,4007.33333333333
"5","2",4,"2",39.02,2,3970,1985
"5","2",4,"3",26.66,1,1467,1467
"5","2",4,"6",38.4,1,31442,31442
"5","2",4,"7",15.27,2,12253,6126.5
"5","2",4,"8",19.66,2,7718,3859
"5","2",4,"9",703.72,91,439898,4834.04395604396
"5","2",5,"1",122,2,13341,6670.5
"5","2",5,"2",49.82,4,38056,9514
"5","2",5,"5",25.1,1,31442,31442
"5","2",5,"6",38.73,3,3731,1243.66666666667
"5","2",5,"7",18.83,2,11144,5572
"5","2",5,"8",39.01,3,5673,1891
"5","2",5,"9",1004.07,87,547051,6287.94252873563
"5","2",6,"1",276.21,24,84068,3502.83333333333
"5","2",6,"2",121.45,12,40273,3356.08333333333
"5","2",6,"3",140.3,11,72080,6552.72727272727
"5","2",6,"5",64.51,7,110527,15789.5714285714
"5","2",6,"6",71.49,3,4822,1607.33333333333
"5","2",6,"7",45.13,1,3571,3571
"5","2",6,"8",80.96,5,38993,7798.6
"5","2",6,"9",2109.22,172,625489,3636.56395348837
"5","2",7,"1",1110.45,65,373173,5741.12307692308
"5","2",7,"2",484.99,43,139960,3254.88372093023
"5","2",7,"3",611.99,34,157871,4643.26470588235
"5","2",7,"5",254.68,20,147025,7351.25
"5","2",7,"6",313.88,16,102075,6379.6875
"5","2",7,"7",203.03,5,14472,2894.4
"5","2",7,"8",389.67,20,141846,7092.3
"5","2",7,"9",8729.83,517,2613039,5054.23404255319
"5","3",1,"1",62.53,6,48495,8082.5
"5","3",1,"2",22.94,5,22703,4540.6
"5","3",1,"3",17.73,3,15788,5262.66666666667
"5","3",1,"4",6.76,1,992,992
"5","3",1,"5",8.97,2,31615,15807.5
"5","3",1,"6",25.31,3,2575,858.333333333333
"5","3",1,"7",7.18,3,4422,1474
"5","3",1,"8",4.46,2,7451,3725.5
"5","3",1,"9",440.93,54,251193,4651.72222222222
"5","3",2,"1",74.65,12,61398,5116.5
"5","3",2,"2",21.61,1,1450,1450
"5","3",2,"3",27.4,3,5061,1687
"5","3",2,"4",5.81,2,3671,1835.5
"5","3",2,"5",13.19,2,4928,2464
"5","3",2,"6",32.8,5,69277,13855.4
"5","3",2,"8",10.8,2,2629,1314.5
"5","3",2,"9",598.14,68,264917,3895.83823529412
"5","3",3,"1",94.29,13,54694,4207.23076923077
"5","3",3,"2",31.55,3,34055,11351.6666666667
"5","3",3,"3",29.43,2,1426,713
"5","3",3,"5",19.91,3,6534,2178
"5","3",3,"7",16,2,11808,5904
"5","3",3,"9",649.11,62,329058,5307.38709677419
"5","3",4,"1",107.13,11,94918,8628.90909090909
"5","3",4,"2",32.28,3,2313,771
"5","3",4,"3",33.65,4,12288,3072
"5","3",4,"5",22.77,3,5911,1970.33333333333
"5","3",4,"6",43.27,2,10115,5057.5
"5","3",4,"7",12.37,1,3392,3392
"5","3",4,"9",729.8,63,235765,3742.30158730159
"5","3",5,"1",149.79,8,37006,4625.75
"5","3",5,"2",58.08,5,37990,7598
"5","3",5,"3",48.59,6,11364,1894
"5","3",5,"5",34.25,4,35822,8955.5
"5","3",5,"6",59.82,4,6347,1586.75
"5","3",5,"7",23.38,2,6534,3267
"5","3",5,"8",44.65,3,4969,1656.33333333333
"5","3",5,"9",1054.73,69,281281,4076.53623188406
"5","3",6,"1",300.28,22,76756,3488.90909090909
"5","3",6,"2",124.65,12,92958,7746.5
"5","3",6,"3",145.5,5,19178,3835.6
"5","3",6,"5",63.07,5,20281,4056.2
"5","3",6,"6",101.73,6,43173,7195.5
"5","3",6,"7",51.13,7,28491,4070.14285714286
"5","3",6,"8",116.28,4,7403,1850.75
"5","3",6,"9",2084.66,159,771665,4853.23899371069
"5","3",7,"1",1291.25,41,293493,7158.36585365854
"5","3",7,"2",520.94,29,138830,4787.24137931035
"5","3",7,"3",676.38,28,235831,8422.53571428571
"5","3",7,"4",35.33,2,5829,2914.5
"5","3",7,"5",299.99,23,120261,5228.73913043478
"5","3",7,"6",523.39,14,62013,4429.5
"5","3",7,"7",265.89,13,36704,2823.38461538462
"5","3",7,"8",599.43,29,155051,5346.58620689655
"5","3",7,"9",9965.28,486,2560945,5269.4341563786
"5","4",1,"1",109.23,13,60096,4622.76923076923
"5","4",1,"2",31.71,3,36934,12311.3333333333
"5","4",1,"3",32.35,2,32365,16182.5
"5","4",1,"4",9.88,1,3542,3542
"5","4",1,"5",19.48,2,1065,532.5
"5","4",1,"6",50.65,5,42686,8537.2
"5","4",1,"7",16.11,4,7357,1839.25
"5","4",1,"8",15.57,1,9579,9579
"5","4",1,"9",770.69,91,524705,5765.98901098901
"5","4",2,"1",180.1,26,103992,3999.69230769231
"5","4",2,"2",35.5,5,65836,13167.2
"5","4",2,"3",50.22,2,32896,16448
"5","4",2,"4",11.9,1,2825,2825
"5","4",2,"5",36.25,6,11558,1926.33333333333
"5","4",2,"6",106.18,7,21782,3111.71428571429
"5","4",2,"7",22.34,1,7660,7660
"5","4",2,"8",25.02,3,6659,2219.66666666667
"5","4",2,"9",1141.56,115,557417,4847.10434782609
"5","4",3,"1",198.57,18,70984,3943.55555555556
"5","4",3,"2",59.81,3,14822,4940.66666666667
"5","4",3,"3",46.93,2,4836,2418
"5","4",3,"5",35.34,1,1985,1985
"5","4",3,"6",106.79,5,40142,8028.4
"5","4",3,"7",25.13,3,9201,3067
"5","4",3,"8",34.61,1,1753,1753
"5","4",3,"9",1219.62,113,506246,4480.05309734513
"5","4",4,"1",230.03,9,53377,5930.77777777778
"5","4",4,"2",59.93,4,15865,3966.25
"5","4",4,"3",47.93,1,31442,31442
"5","4",4,"4",12.54,1,800,800
"5","4",4,"5",34.38,1,2237,2237
"5","4",4,"6",107.54,7,50019,7145.57142857143
"5","4",4,"7",31.52,5,19379,3875.8
"5","4",4,"8",56.83,2,3886,1943
"5","4",4,"9",1419.58,99,647293,6538.31313131313
"5","4",5,"1",317.01,15,80540,5369.33333333333
"5","4",5,"2",104.4,5,10570,2114
"5","4",5,"3",102.93,4,5590,1397.5
"5","4",5,"5",50.41,2,4525,2262.5
"5","4",5,"6",122.58,5,16623,3324.6
"5","4",5,"7",47.24,5,11325,2265
"5","4",5,"8",92.6,8,43023,5377.875
"5","4",5,"9",2014.55,125,644099,5152.792
"5","4",6,"1",541.77,32,161900,5059.375
"5","4",6,"2",215.82,6,14288,2381.33333333333
"5","4",6,"3",246.8,8,58500,7312.5
"5","4",6,"5",133.59,13,95129,7317.61538461538
"5","4",6,"6",226.28,10,22795,2279.5
"5","4",6,"7",107.83,8,25329,3166.125
"5","4",6,"8",242.78,15,168380,11225.3333333333
"5","4",6,"9",4231.59,250,1304846,5219.384
"5","4",7,"1",2946.7,122,613652,5029.93442622951
"5","4",7,"2",1117.96,58,255116,4398.55172413793
"5","4",7,"3",1396.49,53,337846,6374.45283018868
"5","4",7,"4",75.39,1,1962,1962
"5","4",7,"5",635.91,29,196401,6772.44827586207
"5","4",7,"6",1291.12,50,333231,6664.62
"5","4",7,"7",542.86,23,91399,3973.86956521739
"5","4",7,"8",1382.66,52,571579,10991.9038461538
"5","4",7,"9",21581.24,920,4847989,5269.55326086956
"5","5",1,"3",14.21,3,13529,4509.66666666667
"5","5",1,"5",3.42,1,4058,4058
"5","5",1,"8",2.49,1,31442,31442
"5","5",1,"9",117.39,17,121307,7135.70588235294
"5","5",2,"2",4.89,1,9007,9007
"5","5",2,"5",6.13,1,4225,4225
"5","5",2,"9",140.2,13,95879,7375.30769230769
"5","5",3,"3",3.24,1,779,779
"5","5",3,"8",10.94,2,6484,3242
"5","5",3,"9",188.15,13,75374,5798
"5","5",4,"1",20.61,3,35174,11724.6666666667
"5","5",4,"3",7.6,2,3611,1805.5
"5","5",4,"9",177.36,12,61341,5111.75
"5","5",5,"1",28.28,1,716,716
"5","5",5,"2",17.99,1,3896,3896
"5","5",5,"3",21.19,1,1576,1576
"5","5",5,"9",234,22,107065,4866.59090909091
"5","5",6,"1",54.72,1,3000,3000
"5","5",6,"2",21.61,2,4502,2251
"5","5",6,"3",42.44,2,3695,1847.5
"5","5",6,"6",26.23,2,10259,5129.5
"5","5",6,"7",13.65,3,5598,1866
"5","5",6,"8",39.76,4,15915,3978.75
"5","5",6,"9",568.65,42,186899,4449.97619047619
"5","5",7,"1",266.04,17,80318,4724.58823529412
"5","5",7,"2",116.75,6,48119,8019.83333333333
"5","5",7,"3",171.84,9,26797,2977.44444444444
"5","5",7,"5",61.96,4,10580,2645
"5","5",7,"6",114.36,2,39981,19990.5
"5","5",7,"7",49.37,2,5391,2695.5
"5","5",7,"8",173.28,11,119909,10900.8181818182
"5","5",7,"9",2387.46,99,559278,5649.27272727273
"5","6",1,"1",30.8,4,8714,2178.5
"5","6",1,"2",11.97,2,7747,3873.5
"5","6",1,"3",3.22,1,31442,31442
"5","6",1,"5",8.91,2,3112,1556
"5","6",1,"8",6.94,1,994,994
"5","6",1,"9",201.95,15,120724,8048.26666666667
"5","6",2,"1",62.69,9,20731,2303.44444444444
"5","6",2,"5",15.42,1,3277,3277
"5","6",2,"6",31.15,2,5291,2645.5
"5","6",2,"7",9.18,1,4884,4884
"5","6",2,"9",316.66,21,119632,5696.7619047619
"5","6",3,"1",63.63,2,5400,2700
"5","6",3,"2",11.93,2,9525,4762.5
"5","6",3,"5",10.67,1,31442,31442
"5","6",3,"6",38.64,2,1953,976.5
"5","6",3,"7",13.39,3,9508,3169.33333333333
"5","6",3,"8",12.02,1,4581,4581
"5","6",3,"9",359.57,26,139072,5348.92307692308
"5","6",4,"1",69.43,11,62295,5663.18181818182
"5","6",4,"2",13.47,1,2575,2575
"5","6",4,"3",14.11,2,32158,16079
"5","6",4,"5",7.5,1,31442,31442
"5","6",4,"7",8.58,1,1135,1135
"5","6",4,"8",22.65,1,3590,3590
"5","6",4,"9",393,24,116662,4860.91666666667
"5","6",5,"1",87.44,5,17072,3414.4
"5","6",5,"2",23.03,2,2283,1141.5
"5","6",5,"5",10.55,2,32423,16211.5
"5","6",5,"6",32.49,5,68672,13734.4
"5","6",5,"9",533.49,36,186668,5185.22222222222
"5","6",6,"1",157.06,5,16138,3227.6
"5","6",6,"2",49.35,3,64610,21536.6666666667
"5","6",6,"3",67.45,2,2977,1488.5
"5","6",6,"5",39.6,1,1802,1802
"5","6",6,"6",75.36,2,11385,5692.5
"5","6",6,"7",25.64,1,1968,1968
"5","6",6,"8",102.98,7,46010,6572.85714285714
"5","6",6,"9",1203.01,65,389080,5985.84615384615
"5","6",7,"1",889.43,34,261859,7701.73529411765
"5","6",7,"2",313.49,18,137743,7652.38888888889
"5","6",7,"3",415.78,11,79125,7193.18181818182
"5","6",7,"4",19.5,1,874,874
"5","6",7,"5",178.83,10,21659,2165.9
"5","6",7,"6",389.82,17,64534,3796.11764705882
"5","6",7,"7",147.94,7,24026,3432.28571428571
"5","6",7,"8",579.49,29,130489,4499.62068965517
"5","6",7,"9",6392.6,317,1517683,4787.64353312303
"5","7",1,"9",14.77,2,8628,4314
"5","7",2,"9",27.54,1,1314,1314
"5","7",3,"9",23.65,2,6600,3300
"5","7",4,"6",0.96,1,1231,1231
"5","7",5,"1",5.98,2,6102,3051
"5","7",5,"7",0.6,1,2935,2935
"5","7",5,"9",38.77,1,1150,1150
"5","7",6,"9",69.7,2,32275,16137.5
"5","7",7,"1",51.24,1,31442,31442
"5","7",7,"2",21.74,2,31942,15971
"5","7",7,"7",2.83,1,966,966
"5","7",7,"9",384.87,16,112252,7015.75
