"age","educ","sex","income","year","person"
31,12,"M",6000,68,1
31,12,"M",5300,69,1
31,12,"M",5200,70,1
31,12,"M",6900,71,1
31,12,"M",7500,72,1
31,12,"M",8000,73,1
31,12,"M",8000,74,1
31,12,"M",9600,75,1
31,12,"M",9000,76,1
31,12,"M",9000,77,1
31,12,"M",23000,78,1
31,12,"M",22000,79,1
31,12,"M",8000,80,1
31,12,"M",10000,81,1
31,12,"M",21800,82,1
31,12,"M",19000,83,1
29,16,"M",7500,68,2
29,16,"M",7300,69,2
29,16,"M",9250,70,2
29,16,"M",10300,71,2
29,16,"M",10900,72,2
29,16,"M",11900,73,2
29,16,"M",13000,74,2
29,16,"M",12900,75,2
29,16,"M",19900,76,2
29,16,"M",18900,77,2
29,16,"M",19100,78,2
29,16,"M",20300,79,2
29,16,"M",31600,80,2
29,16,"M",16600,81,2
29,16,"M",28267,82,2
29,16,"M",29900,83,2
29,16,"M",33900,84,2
29,16,"M",36500,85,2
29,16,"M",38400,86,2
29,16,"M",35250,87,2
29,16,"M",37600,88,2
29,16,"M",42700,89,2
29,16,"M",41000,90,2
36,9,"F",2450,68,3
36,9,"F",2500,69,3
36,9,"F",3600,70,3
36,9,"F",970,71,3
36,9,"F",1200,72,3
36,9,"F",800,75,3
36,9,"F",5000,76,3
36,9,"F",2400,77,3
36,9,"F",3100,78,3
36,9,"F",3300,79,3
36,9,"F",4300,80,3
36,9,"F",4200,81,3
36,9,"F",4500,82,3
36,9,"F",3000,83,3
36,9,"F",3000,84,3
36,9,"F",5000,85,3
36,9,"F",3000,86,3
36,9,"F",3300,87,3
36,9,"F",3000,88,3
36,9,"F",3500,89,3
36,9,"F",2800,90,3
30,7,"F",2800,68,4
30,7,"F",2500,69,4
30,7,"F",2000,70,4
30,7,"F",1500,71,4
30,7,"F",2400,72,4
30,7,"F",1500,73,4
30,7,"F",4500,74,4
30,7,"F",3000,75,4
30,7,"F",250,76,4
30,7,"F",2450,77,4
30,7,"F",500,78,4
30,7,"F",1500,80,4
30,7,"F",2500,81,4
30,7,"F",2000,82,4
30,7,"F",3000,84,4
30,7,"F",2200,85,4
30,7,"F",7000,86,4
30,7,"F",12000,87,4
30,7,"F",10000,88,4
30,7,"F",9729,89,4
30,7,"F",12000,90,4
26,16,"F",5500,68,5
26,16,"F",6000,69,5
26,16,"F",7500,70,5
26,16,"F",10500,71,5
26,16,"F",11300,72,5
26,16,"F",12000,73,5
26,16,"F",13000,74,5
26,16,"F",9167,75,5
26,16,"F",1500,76,5
26,16,"F",150,77,5
26,16,"F",50,78,5
26,16,"F",80,80,5
26,16,"F",3500,82,5
26,16,"F",6000,83,5
26,16,"F",6500,84,5
26,16,"F",8000,85,5
26,16,"F",7900,86,5
26,16,"F",10000,87,5
26,16,"F",500,89,5
26,16,"F",2400,90,5
34,12,"M",5300,68,6
34,12,"M",8700,69,6
34,12,"M",7800,70,6
34,12,"M",7500,71,6
34,12,"M",10200,72,6
34,12,"M",10675,73,6
34,12,"M",15050,74,6
34,12,"M",12500,75,6
34,12,"M",10537,76,6
34,12,"M",13500,77,6
34,12,"M",15000,78,6
34,12,"M",15000,79,6
34,12,"M",15035,80,6
34,12,"M",23000,81,6
34,12,"M",25000,82,6
34,12,"M",27000,83,6
34,12,"M",30010,84,6
34,12,"M",32000,85,6
34,12,"M",31500,86,6
34,12,"M",42000,87,6
34,12,"M",38560,88,6
34,12,"M",39000,89,6
34,12,"M",42000,90,6
25,13,"F",180,68,7
25,13,"F",2800,69,7
25,13,"F",3000,70,7
25,13,"F",3500,71,7
25,13,"F",2385,72,7
25,13,"F",5400,73,7
25,13,"F",7000,74,7
25,13,"F",4625,75,7
25,13,"F",4000,76,7
25,13,"F",8650,77,7
25,13,"F",10000,78,7
25,13,"F",10156,79,7
25,13,"F",11000,80,7
25,13,"F",4000,81,7
25,13,"F",9000,82,7
25,13,"F",14000,83,7
25,13,"F",18000,84,7
25,13,"F",16000,85,7
25,13,"F",18000,86,7
25,13,"F",24000,87,7
25,13,"F",24000,88,7
25,13,"F",25000,89,7
25,13,"F",28000,90,7
34,12,"F",2100,68,8
34,12,"F",1564,69,8
34,12,"F",2465,70,8
34,12,"F",2286,71,8
34,12,"F",2400,72,8
34,12,"F",2700,73,8
34,12,"F",3300,74,8
34,12,"F",2257,75,8
34,12,"F",2000,76,8
34,12,"F",3300,77,8
34,12,"F",40,78,8
34,12,"F",200,79,8
34,12,"F",490,80,8
34,12,"F",6600,81,8
34,12,"F",15400,82,8
34,12,"F",16800,83,8
34,12,"F",2650,84,8
34,12,"F",2500,85,8
34,12,"F",1700,87,8
34,12,"F",2150,89,8
34,12,"F",2750,90,8
25,12,"F",4774,68,9
25,12,"F",5000,69,9
25,12,"F",5000,70,9
25,12,"F",5000,71,9
25,12,"F",7000,72,9
25,12,"F",6000,73,9
25,12,"F",7500,74,9
25,12,"F",8500,75,9
25,12,"F",8150,76,9
25,12,"F",8500,77,9
25,12,"F",9000,78,9
25,12,"F",10000,79,9
25,12,"F",785,82,9
25,12,"F",879,84,9
25,12,"F",7900,85,9
25,12,"F",8582,86,9
25,12,"F",5583,87,9
25,12,"F",2790,88,9
25,12,"F",3779,89,9
25,12,"F",5500,90,9
26,12,"M",5991,68,10
26,12,"M",6200,69,10
26,12,"M",7132,70,10
26,12,"M",6970,71,10
26,12,"M",7057,72,10
26,12,"M",8700,73,10
26,12,"M",6261,74,10
26,12,"M",8401,75,10
26,12,"M",9400,76,10
26,12,"M",11525,77,10
26,12,"M",14952,78,10
26,12,"M",14000,79,10
26,12,"M",19135,80,10
26,12,"M",20000,81,10
26,12,"M",22000,82,10
26,12,"M",25000,83,10
26,12,"M",26000,84,10
26,12,"M",26000,85,10
26,12,"M",26000,86,10
26,12,"M",28000,87,10
26,12,"M",29000,88,10
26,12,"M",32000,89,10
26,12,"M",33000,90,10
37,16,"M",15000,69,11
37,16,"M",16000,70,11
37,16,"M",15750,71,11
37,16,"M",17000,72,11
37,16,"M",19000,73,11
37,16,"M",22000,74,11
37,16,"M",19920,75,11
37,16,"M",21600,76,11
37,16,"M",24400,77,11
37,16,"M",27250,78,11
37,16,"M",26800,79,11
37,16,"M",30720,80,11
37,16,"M",34700,81,11
37,16,"M",40000,82,11
37,16,"M",43500,83,11
37,16,"M",48000,84,11
37,16,"M",53300,85,11
37,16,"M",52200,86,11
37,16,"M",58200,87,11
37,16,"M",63500,88,11
37,16,"M",62000,89,11
37,16,"M",86200,90,11
31,14,"F",1351,70,12
31,14,"F",4590,71,12
31,14,"F",4000,72,12
31,14,"F",6000,73,12
31,14,"F",6000,74,12
31,14,"F",5300,75,12
31,14,"F",6075,76,12
31,14,"F",8100,77,12
31,14,"F",7200,78,12
31,14,"F",8300,79,12
31,14,"F",9000,80,12
31,14,"F",9900,81,12
31,14,"F",11896,82,12
31,14,"F",12070,83,12
31,14,"F",12800,84,12
31,14,"F",14200,85,12
31,14,"F",15852,86,12
31,14,"F",16800,87,12
39,12,"M",7065,68,13
39,12,"M",11000,69,13
39,12,"M",11500,70,13
39,12,"M",11750,71,13
39,12,"M",11750,72,13
39,12,"M",12700,73,13
39,12,"M",12800,74,13
39,12,"M",14000,75,13
39,12,"M",15250,76,13
39,12,"M",16000,77,13
39,12,"M",16500,78,13
39,12,"M",17500,79,13
39,12,"M",17012,80,13
39,12,"M",18000,81,13
39,12,"M",18348,82,13
39,12,"M",19900,83,13
39,12,"M",22300,84,13
39,12,"M",25620,85,13
39,12,"M",21800,86,13
39,12,"M",25000,87,13
39,12,"M",28000,88,13
39,12,"M",27800,89,13
39,12,"M",29000,90,13
35,8,"M",2300,68,14
35,8,"M",4000,69,14
35,8,"M",3146,70,14
35,8,"M",1500,71,14
35,8,"M",3800,72,14
35,8,"M",2738,73,14
35,8,"M",4000,74,14
35,8,"M",3232,75,14
35,8,"M",2743,76,14
35,8,"M",5250,77,14
35,8,"M",5950,78,14
35,8,"M",6000,79,14
35,8,"M",7600,80,14
35,8,"M",4000,81,14
35,8,"M",10156,82,14
35,8,"M",7750,83,14
35,8,"M",6300,84,14
35,8,"M",8500,85,14
35,8,"M",5000,86,14
35,8,"M",4000,87,14
35,8,"M",10000,88,14
35,8,"M",8193,89,14
35,10,"M",6000,68,15
35,10,"M",6970,69,15
35,10,"M",6800,70,15
35,10,"M",5500,71,15
35,10,"M",4900,72,15
35,10,"M",5600,73,15
35,10,"M",6500,74,15
35,10,"M",6000,75,15
35,10,"M",6000,76,15
35,10,"M",7000,77,15
35,10,"M",8500,78,15
35,10,"M",8500,79,15
35,10,"M",7000,80,15
35,10,"M",7000,81,15
35,10,"M",9000,82,15
35,10,"M",9800,83,15
35,10,"M",11500,84,15
35,10,"M",9600,85,15
35,10,"M",9500,86,15
35,10,"M",14000,87,15
35,10,"M",12500,88,15
35,10,"M",12500,89,15
35,10,"M",6400,90,15
37,13,"M",4530,68,16
37,13,"M",4300,69,16
37,13,"M",3960,70,16
37,13,"M",3860,71,16
37,13,"M",4660,72,16
37,13,"M",10423,73,16
37,13,"M",14800,74,16
37,13,"M",6815,75,16
37,13,"M",13000,76,16
37,13,"M",4510,77,16
37,13,"M",8150,78,16
37,13,"M",17875,79,16
37,13,"M",24700,80,16
37,13,"M",25018,81,16
37,13,"M",26050,82,16
37,13,"M",22145,83,16
37,13,"M",22200,84,16
37,13,"M",15200,85,16
37,13,"M",11100,86,16
37,13,"M",20000,87,16
37,13,"M",20000,88,16
37,13,"M",21060,89,16
37,13,"M",26026,90,16
38,9,"F",3500,68,17
38,9,"F",1000,69,17
38,9,"F",1998,70,17
38,9,"F",3060,71,17
38,9,"F",3573,72,17
38,9,"F",2500,73,17
38,9,"F",3590,76,17
38,9,"F",380,77,17
38,9,"F",4000,81,17
38,9,"F",7000,82,17
38,9,"F",6000,83,17
38,9,"F",6000,84,17
38,9,"F",6700,85,17
38,9,"F",5300,86,17
38,9,"F",12000,87,17
38,9,"F",14000,88,17
38,9,"F",12158,89,17
38,9,"F",12604,90,17
37,12,"F",1300,69,18
37,12,"F",900,70,18
37,12,"F",674,71,18
37,12,"F",397,72,18
37,12,"F",1700,73,18
37,12,"F",4640,74,18
37,12,"F",4200,75,18
37,12,"F",3600,76,18
37,12,"F",4000,77,18
37,12,"F",3000,78,18
37,12,"F",6000,79,18
37,12,"F",8300,80,18
37,12,"F",6000,81,18
37,12,"F",6000,82,18
37,12,"F",6000,83,18
34,12,"M",9600,68,19
34,12,"M",10037,69,19
34,12,"M",11520,70,19
34,12,"M",12700,71,19
34,12,"M",12700,72,19
34,12,"M",14329,73,19
34,12,"M",15737,74,19
34,12,"M",16000,75,19
34,12,"M",17500,76,19
34,12,"M",19000,77,19
34,12,"M",14000,78,19
34,12,"M",18730,79,19
34,12,"M",22030,80,19
34,12,"M",21000,81,19
34,12,"M",16000,82,19
34,12,"M",18100,83,19
34,12,"M",22000,84,19
34,12,"M",22000,85,19
34,12,"M",26000,86,19
34,12,"M",27000,87,19
34,12,"M",28100,88,19
34,12,"M",32000,89,19
34,12,"M",34000,90,19
38,12,"M",13000,69,20
38,12,"M",12000,70,20
38,12,"M",15000,71,20
38,12,"M",18000,72,20
38,12,"M",26000,73,20
38,12,"M",14650,74,20
38,12,"M",25800,75,20
38,12,"M",42500,76,20
38,12,"M",53535,77,20
38,12,"M",45000,78,20
38,12,"M",59300,79,20
38,12,"M",49960,80,20
38,12,"M",84400,81,20
38,12,"M",86000,82,20
38,12,"M",52000,83,20
38,12,"M",20000,84,20
38,12,"M",9405,85,20
38,12,"M",9000,86,20
38,12,"M",21659,87,20
38,12,"M",5000,90,20
36,15,"F",600,72,21
36,15,"F",4750,73,21
36,15,"F",6400,74,21
36,15,"F",7595,75,21
36,15,"F",7622,76,21
36,15,"F",12370,77,21
36,15,"F",12400,78,21
36,15,"F",12560,79,21
36,15,"F",31809,80,21
36,15,"F",15500,81,21
36,15,"F",13200,82,21
36,15,"F",7777,83,21
36,15,"F",18540,84,21
36,15,"F",19900,85,21
36,15,"F",19500,86,21
25,12,"F",1113,75,22
25,12,"F",5936,76,22
25,12,"F",2266,77,22
25,12,"F",3178,80,22
25,12,"F",14616,81,22
25,12,"F",6322,82,22
25,12,"F",3260,84,22
25,12,"F",4000,87,22
25,12,"F",6000,88,22
25,12,"F",11500,89,22
25,12,"F",11500,90,22
25,14,"F",800,68,23
25,14,"F",3400,70,23
25,14,"F",5000,71,23
25,14,"F",7500,72,23
25,14,"F",6000,73,23
25,14,"F",7000,74,23
25,14,"F",8300,75,23
25,14,"F",7500,76,23
25,14,"F",9000,77,23
25,14,"F",12000,78,23
25,14,"F",13400,79,23
25,14,"F",14800,80,23
25,14,"F",15000,81,23
25,14,"F",19000,82,23
25,14,"F",19100,83,23
25,14,"F",20000,84,23
25,14,"F",20000,85,23
25,14,"F",15000,86,23
25,14,"F",21084,87,23
25,14,"F",25000,88,23
25,14,"F",26130,89,23
25,14,"F",26000,90,23
26,16,"M",5600,68,24
26,16,"M",8532,69,24
26,16,"M",9000,70,24
26,16,"M",10500,71,24
26,16,"M",12825,72,24
26,16,"M",18050,73,24
26,16,"M",15700,74,24
26,16,"M",10000,75,24
26,16,"M",10800,76,24
26,16,"M",18050,77,24
26,16,"M",18090,78,24
26,16,"M",19200,79,24
26,16,"M",27500,80,24
26,16,"M",23500,81,24
26,16,"M",22750,82,24
26,16,"M",20000,83,24
26,16,"M",22000,84,24
26,16,"M",33500,85,24
26,16,"M",45000,86,24
26,16,"M",26000,87,24
26,16,"M",42000,88,24
26,16,"M",48500,89,24
26,16,"M",28700,90,24
26,13,"M",7000,68,25
26,13,"M",3000,69,25
26,13,"M",9600,70,25
26,13,"M",9700,71,25
26,13,"M",8860,72,25
26,13,"M",5450,73,25
26,13,"M",13030,74,25
26,13,"M",25000,75,25
26,13,"M",18000,76,25
26,13,"M",40140,77,25
26,13,"M",20000,78,25
26,13,"M",25560,79,25
26,13,"M",21000,80,25
26,13,"M",25000,81,25
26,13,"M",26920,82,25
26,13,"M",23000,83,25
26,13,"M",26200,84,25
26,13,"M",27475,85,25
26,13,"M",22350,86,25
26,13,"M",23300,87,25
26,13,"M",29063,88,25
26,13,"M",34200,89,25
26,13,"M",26600,90,25
33,12,"F",1400,76,26
33,12,"F",500,77,26
33,12,"F",600,78,26
33,12,"F",300,79,26
33,12,"F",2500,80,26
33,12,"F",18000,81,26
33,12,"F",22000,82,26
33,12,"F",22000,83,26
33,12,"F",15000,84,26
33,12,"F",12000,85,26
33,12,"F",24000,86,26
33,12,"F",24000,87,26
33,12,"F",26000,88,26
33,12,"F",28000,89,26
33,12,"F",25000,90,26
35,12,"F",200,74,27
35,12,"F",4485,75,27
35,12,"F",5000,76,27
35,12,"F",6949,77,27
35,12,"F",6579,78,27
35,12,"F",5470,79,27
35,12,"F",7441,80,27
35,12,"F",10000,81,27
35,12,"F",10000,82,27
35,12,"F",7000,83,27
35,12,"F",13000,84,27
35,12,"F",10000,85,27
35,12,"F",10000,86,27
35,12,"F",7977,87,27
35,12,"F",7998,88,27
35,12,"F",2500,89,27
35,9,"F",3800,68,28
35,9,"F",3500,69,28
35,9,"F",4000,70,28
35,9,"F",3500,71,28
35,9,"F",3979,72,28
35,9,"F",4403,73,28
35,9,"F",3347,74,28
35,9,"F",1873,75,28
35,9,"F",3446,76,28
35,9,"F",3000,77,28
35,9,"F",3000,78,28
35,9,"F",4000,79,28
35,9,"F",7000,80,28
35,9,"F",3000,81,28
35,9,"F",7000,82,28
35,9,"F",1000,83,28
35,9,"F",2237,85,28
35,9,"F",100,89,28
35,9,"F",5525,90,28
35,16,"M",11250,69,29
35,16,"M",12000,70,29
35,16,"M",13000,71,29
35,16,"M",13375,72,29
35,16,"M",13200,73,29
35,16,"M",14000,74,29
35,16,"M",17200,75,29
35,16,"M",18500,76,29
35,16,"M",19500,77,29
35,16,"M",15000,78,29
35,16,"M",7541,79,29
35,16,"M",11600,80,29
35,16,"M",19126,81,29
35,16,"M",15600,82,29
35,16,"M",19200,83,29
35,16,"M",16700,84,29
35,16,"M",19000,85,29
35,16,"M",16000,86,29
35,16,"M",15000,87,29
35,16,"M",15600,88,29
35,16,"M",16200,89,29
35,16,"M",18200,90,29
26,12,"M",6000,68,30
26,12,"M",7650,69,30
26,12,"M",7800,70,30
26,12,"M",12000,71,30
26,12,"M",3000,72,30
26,12,"M",4060,73,30
26,12,"M",4613,74,30
26,12,"M",2500,76,30
26,12,"M",800,78,30
26,12,"M",11975,79,30
26,12,"M",4000,80,30
26,12,"M",1000,81,30
26,12,"M",9900,82,30
26,12,"M",12095,83,30
26,12,"M",14095,84,30
26,12,"M",14192,85,30
26,12,"M",7000,86,30
35,12,"F",900,68,31
35,12,"F",33,69,31
35,12,"F",3500,71,31
35,12,"F",1000,72,31
35,12,"F",600,73,31
35,12,"F",1000,74,31
35,12,"F",200,75,31
35,12,"F",650,76,31
35,12,"F",1073,77,31
35,12,"F",890,78,31
35,12,"F",896,79,31
35,12,"F",955,80,31
35,12,"F",1083,81,31
35,12,"F",1115,82,31
35,12,"F",1280,83,31
35,12,"F",1367,84,31
35,12,"F",1496,85,31
35,12,"F",1300,86,31
35,12,"F",1575,87,31
35,12,"F",927,88,31
35,12,"F",1700,90,31
32,12,"M",7300,68,32
32,12,"M",7600,69,32
32,12,"M",8000,70,32
32,12,"M",10950,71,32
32,12,"M",12700,72,32
32,12,"M",20000,73,32
32,12,"M",16500,74,32
32,12,"M",15100,75,32
32,12,"M",15614,76,32
32,12,"M",6264,77,32
32,12,"M",6812,78,32
32,12,"M",3850,79,32
32,12,"M",2500,80,32
32,12,"M",10926,81,32
39,10,"F",2380,68,33
39,10,"F",2090,69,33
39,10,"F",2040,70,33
39,10,"F",2700,71,33
39,10,"F",2900,72,33
39,10,"F",2700,73,33
39,10,"F",2900,74,33
39,10,"F",2975,75,33
39,10,"F",2700,76,33
39,10,"F",3200,77,33
39,10,"F",2800,78,33
39,10,"F",3500,79,33
39,10,"F",2800,80,33
39,10,"F",4000,81,33
39,10,"F",4000,82,33
39,10,"F",5500,83,33
39,10,"F",8180,84,33
39,10,"F",1541,85,33
25,16,"F",3700,68,34
25,16,"F",4100,69,34
25,16,"F",4700,70,34
25,16,"F",3000,71,34
25,16,"F",1500,72,34
25,16,"F",1500,73,34
25,16,"F",1200,74,34
25,16,"F",5035,75,34
25,16,"F",2250,76,34
25,16,"F",2450,77,34
25,16,"F",2200,78,34
25,16,"F",7000,79,34
25,16,"F",6000,80,34
25,16,"F",4200,81,34
25,16,"F",1588,82,34
25,16,"F",950,83,34
25,16,"F",750,84,34
25,16,"F",16000,85,34
25,16,"F",13000,86,34
25,16,"F",14275,87,34
25,16,"F",18500,88,34
25,16,"F",19500,89,34
25,16,"F",24714,90,34
35,12,"M",7300,68,35
35,12,"M",8300,69,35
35,12,"M",9098,70,35
35,12,"M",8500,71,35
35,12,"M",11850,72,35
35,12,"M",12400,73,35
35,12,"M",12600,74,35
35,12,"M",15000,75,35
35,12,"M",12500,76,35
35,12,"M",13900,77,35
35,12,"M",17392,78,35
35,12,"M",19300,79,35
35,12,"M",22625,80,35
35,12,"M",25100,81,35
35,12,"M",26317,82,35
35,12,"M",23000,83,35
35,12,"M",29637,84,35
35,12,"M",25000,85,35
35,12,"M",24300,86,35
35,12,"M",30988,87,35
35,12,"M",30280,88,35
35,12,"M",30777,89,35
35,12,"M",31477,90,35
30,8,"M",3000,68,36
30,8,"M",3000,69,36
30,8,"M",3500,70,36
30,8,"M",4635,71,36
30,8,"M",4600,72,36
30,8,"M",4600,73,36
30,8,"M",5600,74,36
30,8,"M",5600,75,36
30,8,"M",7500,76,36
30,8,"M",8889,77,36
30,8,"M",10000,78,36
30,8,"M",10000,79,36
30,8,"M",10600,80,36
30,8,"M",12000,81,36
30,8,"M",5500,82,36
30,8,"M",6143,83,36
30,8,"M",4292,84,36
30,8,"M",9000,85,36
30,8,"M",7200,86,36
30,8,"M",10000,87,36
30,8,"M",10600,88,36
30,8,"M",11000,89,36
30,8,"M",12388,90,36
34,7,"M",4508,68,37
34,7,"M",2400,69,37
34,7,"M",3290,70,37
34,7,"M",5430,71,37
34,7,"M",3770,72,37
34,7,"M",5000,73,37
34,7,"M",2980,74,37
34,7,"M",4990,75,37
34,7,"M",2480,76,37
34,7,"M",49,77,37
34,7,"M",6459,79,37
34,7,"M",6386,80,37
34,7,"M",17959,81,37
34,7,"M",17590,82,37
34,7,"M",4500,84,37
34,7,"M",4100,85,37
34,7,"M",2500,86,37
34,7,"M",350,87,37
34,7,"M",3000,88,37
34,7,"M",8600,90,37
35,13,"M",5150,68,38
35,13,"M",5610,69,38
35,13,"M",5870,70,38
35,13,"M",6200,71,38
35,13,"M",5000,72,38
35,13,"M",8000,74,38
35,13,"M",12000,75,38
35,13,"M",13000,76,38
35,13,"M",16000,77,38
35,13,"M",18100,78,38
35,13,"M",20000,79,38
35,13,"M",21000,80,38
35,13,"M",25100,81,38
35,13,"M",29500,82,38
35,13,"M",29200,83,38
35,13,"M",33200,84,38
35,13,"M",37165,85,38
35,13,"M",36200,86,38
35,13,"M",37175,87,38
35,13,"M",44500,88,38
35,13,"M",40000,89,38
35,13,"M",44000,90,38
25,16,"M",9000,68,39
25,16,"M",12000,69,39
25,16,"M",12500,70,39
25,16,"M",12000,71,39
25,16,"M",12500,72,39
25,16,"M",12400,73,39
25,16,"M",13000,74,39
25,16,"M",14105,75,39
25,16,"M",16590,76,39
25,16,"M",13250,77,39
25,16,"M",19600,78,39
25,16,"M",23800,79,39
25,16,"M",24500,80,39
25,16,"M",31800,81,39
25,16,"M",29500,82,39
25,16,"M",32000,83,39
25,16,"M",40000,84,39
25,16,"M",48791,85,39
25,16,"M",74300,86,39
25,16,"M",30000,87,39
25,16,"M",29300,88,39
25,16,"M",47000,89,39
25,16,"M",56000,90,39
35,16,"M",14500,69,40
35,16,"M",17000,70,40
35,16,"M",13952,71,40
35,16,"M",14800,72,40
35,16,"M",14400,73,40
35,16,"M",16500,74,40
35,16,"M",18161,75,40
35,16,"M",19000,76,40
35,16,"M",23150,77,40
35,16,"M",31800,78,40
35,16,"M",29500,79,40
35,16,"M",31400,80,40
35,16,"M",31900,81,40
35,16,"M",39170,82,40
35,16,"M",39500,83,40
35,16,"M",43200,84,40
35,16,"M",50000,85,40
35,16,"M",49200,86,40
35,16,"M",47500,87,40
35,16,"M",22000,88,40
35,16,"M",4700,89,40
35,16,"M",1600,90,40
32,11,"F",2804,68,41
32,11,"F",3400,69,41
32,11,"F",3400,70,41
32,11,"F",3500,71,41
32,11,"F",3500,72,41
32,11,"F",3600,73,41
32,11,"F",4216,74,41
32,11,"F",4100,75,41
32,11,"F",4800,76,41
32,11,"F",5200,77,41
32,11,"F",4500,78,41
32,11,"F",7000,79,41
32,11,"F",8000,80,41
32,11,"F",8000,81,41
32,11,"F",12200,82,41
32,11,"F",13750,83,41
32,11,"F",9000,84,41
31,14,"M",3200,69,42
31,14,"M",5400,70,42
31,14,"M",3500,71,42
31,14,"M",700,72,42
31,14,"M",8400,73,42
31,14,"M",8500,74,42
31,14,"M",8500,75,42
31,14,"M",9500,76,42
31,14,"M",11000,77,42
31,14,"M",19000,78,42
31,14,"M",13200,79,42
31,14,"M",14400,80,42
31,14,"M",14400,81,42
31,14,"M",9000,82,42
31,14,"M",21000,83,42
31,14,"M",22000,84,42
31,14,"M",26000,85,42
31,14,"M",23000,86,42
31,14,"M",17000,87,42
31,14,"M",28500,88,42
31,14,"M",25000,89,42
31,14,"M",24000,90,42
38,12,"F",3400,68,43
38,12,"F",8000,69,43
38,12,"F",8700,70,43
38,12,"F",9990,71,43
38,12,"F",8500,72,43
38,12,"F",5000,73,43
38,12,"F",5000,74,43
38,12,"F",5200,75,43
38,12,"F",4800,76,43
38,12,"F",5000,77,43
38,12,"F",6000,78,43
38,12,"F",4500,79,43
38,12,"F",9400,80,43
38,12,"F",16000,81,43
38,12,"F",17000,82,43
38,12,"F",19032,83,43
38,12,"F",21000,84,43
38,12,"F",24000,85,43
38,12,"F",12629,86,43
38,12,"F",10100,87,43
38,12,"F",5600,88,43
38,12,"F",5600,89,43
38,12,"F",5000,90,43
31,12,"F",6000,68,44
31,12,"F",6000,69,44
31,12,"F",6800,70,44
31,12,"F",7400,71,44
31,12,"F",8000,72,44
31,12,"F",9000,73,44
31,12,"F",9000,74,44
31,12,"F",10000,75,44
31,12,"F",9100,76,44
31,12,"F",8500,77,44
31,12,"F",20925,85,44
31,12,"F",12168,86,44
31,12,"F",75,90,44
27,16,"F",5700,68,45
27,16,"F",4200,69,45
27,16,"F",588,70,45
27,16,"F",2408,71,45
27,16,"F",7489,72,45
27,16,"F",8900,73,45
27,16,"F",1300,74,45
27,16,"F",130,77,45
27,16,"F",1390,79,45
27,16,"F",6826,80,45
27,16,"F",2000,81,45
27,16,"F",5,82,45
27,16,"F",3,83,45
27,16,"F",9152,84,45
27,16,"F",15012,85,45
27,16,"F",17875,86,45
27,16,"F",20024,87,45
27,16,"F",21820,88,45
27,16,"F",22003,89,45
27,16,"F",22015,90,45
39,12,"F",640,71,46
39,12,"F",2000,72,46
39,12,"F",4500,73,46
39,12,"F",8415,74,46
39,12,"F",9000,75,46
39,12,"F",12000,76,46
39,12,"F",7488,77,46
39,12,"F",7488,78,46
39,12,"F",7400,79,46
39,12,"F",7650,80,46
39,12,"F",7500,81,46
39,12,"F",14976,82,46
39,12,"F",11000,83,46
39,12,"F",14500,84,46
39,12,"F",16640,85,46
39,12,"F",16000,86,46
39,12,"F",16640,87,46
39,12,"F",16300,88,46
39,12,"F",17000,89,46
39,12,"F",26000,90,46
38,16,"M",7200,68,47
38,16,"M",4392,69,47
38,16,"M",2500,70,47
38,16,"M",5070,71,47
38,16,"M",8542,72,47
38,16,"M",15300,73,47
38,16,"M",15500,74,47
38,16,"M",17240,75,47
38,16,"M",19950,76,47
38,16,"M",19150,77,47
38,16,"M",22210,78,47
38,16,"M",21646,79,47
38,16,"M",30625,80,47
38,16,"M",23270,81,47
38,16,"M",27320,82,47
38,16,"M",31700,83,47
38,16,"M",33300,84,47
38,16,"M",34325,85,47
38,16,"M",36076,86,47
38,16,"M",36950,87,47
38,16,"M",36820,88,47
38,16,"M",18100,89,47
38,16,"M",12300,90,47
28,16,"M",11000,69,48
28,16,"M",11000,70,48
28,16,"M",13000,71,48
28,16,"M",12000,72,48
28,16,"M",5165,73,48
28,16,"M",11152,74,48
28,16,"M",25385,75,48
28,16,"M",26000,76,48
28,16,"M",24200,77,48
28,16,"M",26000,78,48
28,16,"M",30500,79,48
38,12,"M",65000,69,49
38,12,"M",55000,70,49
38,12,"M",26000,71,49
38,12,"M",70000,72,49
38,12,"M",55000,73,49
38,12,"M",70000,74,49
38,12,"M",2500,75,49
38,12,"M",87500,76,49
38,12,"M",60000,77,49
38,12,"M",67500,78,49
38,12,"M",69000,79,49
38,12,"M",86500,80,49
38,12,"M",86500,81,49
38,12,"M",78000,82,49
38,12,"M",117500,83,49
38,12,"M",105000,84,49
38,12,"M",180000,85,49
38,12,"M",172000,86,49
38,12,"M",100000,87,49
38,12,"M",75000,88,49
38,12,"M",75000,89,49
38,12,"M",37500,90,49
27,12,"F",120,68,50
27,12,"F",520,71,50
27,12,"F",900,75,50
27,12,"F",500,76,50
27,12,"F",2000,77,50
27,12,"F",4000,78,50
27,12,"F",5190,79,50
27,12,"F",5000,80,50
27,12,"F",5000,81,50
27,12,"F",6500,82,50
27,12,"F",6000,83,50
27,12,"F",12000,84,50
27,12,"F",8000,85,50
27,12,"F",9000,86,50
27,12,"F",8000,87,50
27,12,"F",15000,88,50
27,12,"F",10000,89,50
27,12,"F",10000,90,50
36,12,"F",1714,70,51
36,12,"F",2510,74,51
36,12,"F",3750,75,51
36,12,"F",2500,76,51
36,12,"F",3000,77,51
36,12,"F",1651,78,51
36,12,"F",2500,79,51
36,12,"F",960,80,51
36,12,"F",180,81,51
36,12,"F",1040,82,51
36,12,"F",980,83,51
36,12,"F",911,84,51
36,12,"F",1040,85,51
36,12,"F",2490,86,51
36,12,"F",1170,87,51
36,12,"F",1040,88,51
36,12,"F",1530,89,51
36,12,"F",1785,90,51
36,10,"M",6700,68,52
36,10,"M",5400,69,52
36,10,"M",9800,70,52
36,10,"M",6000,71,52
36,10,"M",9000,72,52
36,10,"M",9750,73,52
36,10,"M",10400,74,52
36,10,"M",9000,75,52
36,10,"M",8000,76,52
36,10,"M",11000,77,52
36,10,"M",12200,78,52
36,10,"M",12000,79,52
36,10,"M",13000,80,52
36,10,"M",18800,81,52
36,10,"M",19440,82,52
36,10,"M",20000,83,52
36,10,"M",9000,84,52
36,10,"M",20000,85,52
36,10,"M",16000,86,52
36,10,"M",22000,87,52
36,12,"M",5237,68,53
36,12,"M",3000,69,53
36,12,"M",4344,70,53
36,12,"M",2742,71,53
36,12,"M",3750,72,53
36,12,"M",7060,73,53
36,12,"M",2570,74,53
36,12,"M",5680,75,53
36,12,"M",2250,76,53
36,12,"M",6531,77,53
36,12,"M",17130,78,53
36,12,"M",15000,79,53
36,12,"M",9350,80,53
36,12,"M",26000,81,53
36,12,"M",15510,82,53
36,12,"M",23000,83,53
36,12,"M",22400,84,53
36,12,"M",21800,85,53
36,12,"M",10000,86,53
36,12,"M",20000,87,53
36,12,"M",7158,88,53
36,12,"M",15000,89,53
36,12,"M",50000,90,53
38,14,"F",360,68,54
38,14,"F",1500,69,54
38,14,"F",500,70,54
38,14,"F",3000,71,54
38,14,"F",910,72,54
38,14,"F",1000,73,54
38,14,"F",2000,74,54
38,14,"F",2000,75,54
38,14,"F",1500,76,54
38,14,"F",2000,77,54
38,14,"F",2000,78,54
38,14,"F",1000,79,54
38,14,"F",5499,80,54
31,13,"M",6514,68,55
31,13,"M",10065,69,55
31,13,"M",16710,70,55
31,13,"M",18841,71,55
31,13,"M",17295,72,55
31,13,"M",20595,73,55
31,13,"M",21030,74,55
31,13,"M",27040,75,55
31,13,"M",14750,76,55
31,13,"M",16600,77,55
31,13,"M",38500,78,55
31,13,"M",28600,79,55
31,13,"M",33800,80,55
31,13,"M",28100,81,55
31,13,"M",27000,82,55
31,13,"M",29000,83,55
31,13,"M",33800,84,55
31,13,"M",33000,85,55
31,13,"M",39200,86,55
31,13,"M",28800,87,55
31,13,"M",42000,88,55
31,13,"M",34100,89,55
31,13,"M",45700,90,55
33,11,"M",5000,68,56
33,11,"M",5720,69,56
33,11,"M",10000,70,56
33,11,"M",12000,71,56
33,11,"M",13000,72,56
33,11,"M",9776,73,56
33,11,"M",13000,74,56
33,11,"M",13000,75,56
33,11,"M",2500,76,56
33,11,"M",4000,78,56
33,11,"M",11700,79,56
33,11,"M",14174,80,56
28,9,"M",3600,68,57
28,9,"M",5300,69,57
28,9,"M",5378,70,57
28,9,"M",7000,71,57
28,9,"M",7173,72,57
28,9,"M",8000,73,57
28,9,"M",8000,74,57
28,9,"M",8000,75,57
28,9,"M",10000,76,57
28,9,"M",11000,77,57
28,9,"M",10000,78,57
28,9,"M",6000,80,57
28,9,"M",5200,81,57
28,9,"M",3600,82,57
28,9,"M",3600,86,57
28,9,"M",1000,87,57
28,9,"M",4800,88,57
28,9,"M",1800,89,57
28,9,"M",12000,90,57
34,9,"M",2340,68,58
34,9,"M",2714,69,58
34,9,"M",2759,70,58
34,9,"M",3093,71,58
34,9,"M",3214,72,58
34,9,"M",3295,73,58
34,9,"M",3842,74,58
34,9,"M",3860,75,58
34,9,"M",5102,76,58
34,9,"M",5311,77,58
34,9,"M",5068,78,58
34,9,"M",8000,79,58
34,9,"M",8010,80,58
34,9,"M",8400,81,58
34,9,"M",3520,82,58
35,12,"M",2600,68,59
35,12,"M",2674,69,59
35,12,"M",7430,71,59
35,12,"M",7224,72,59
35,12,"M",7560,73,59
35,12,"M",13860,74,59
35,12,"M",34709,75,59
35,12,"M",22500,76,59
35,12,"M",37500,77,59
35,12,"M",24000,78,59
35,12,"M",19800,79,59
35,12,"M",14000,80,59
35,12,"M",42000,81,59
35,12,"M",50000,82,59
35,12,"M",63000,83,59
35,12,"M",102000,84,59
35,12,"M",96000,85,59
35,12,"M",107000,86,59
35,12,"M",107000,87,59
35,12,"M",36956,88,59
35,12,"M",71000,89,59
35,12,"M",71000,90,59
34,12,"M",6100,68,60
34,12,"M",6847,69,60
34,12,"M",7547,70,60
34,12,"M",7158,71,60
34,12,"M",7792,72,60
34,12,"M",8489,73,60
34,12,"M",9880,74,60
34,12,"M",8000,75,60
34,12,"M",8215,76,60
34,12,"M",10000,77,60
34,12,"M",10000,78,60
34,12,"M",9460,79,60
34,12,"M",10313,80,60
34,12,"M",10600,81,60
34,12,"M",11530,82,60
34,12,"M",658,83,60
34,12,"M",12372,84,60
34,12,"M",15563,85,60
34,12,"M",18870,86,60
34,12,"M",19540,87,60
34,12,"M",18100,88,60
34,12,"M",21643,89,60
34,12,"M",21639,90,60
27,12,"M",3700,68,61
27,12,"M",4600,69,61
27,12,"M",5084,70,61
27,12,"M",5388,71,61
27,12,"M",6000,72,61
27,12,"M",8000,73,61
27,12,"M",9000,74,61
27,12,"M",10000,75,61
27,12,"M",9700,76,61
27,12,"M",10000,77,61
27,12,"M",10500,78,61
27,12,"M",13000,79,61
27,12,"M",11000,80,61
27,12,"M",15000,81,61
27,12,"M",14000,82,61
27,12,"M",17000,83,61
27,12,"M",19000,84,61
27,12,"M",15847,85,61
27,12,"M",24843,86,61
27,12,"M",25000,87,61
27,12,"M",24000,88,61
27,12,"M",23000,89,61
27,12,"M",23283,90,61
25,12,"M",5625,68,62
25,12,"M",6300,69,62
25,12,"M",6890,70,62
25,12,"M",13000,71,62
25,12,"M",12600,72,62
25,12,"M",10330,73,62
25,12,"M",12300,74,62
25,12,"M",7025,75,62
25,12,"M",12000,76,62
25,12,"M",12968,77,62
25,12,"M",14993,78,62
25,12,"M",16000,79,62
25,12,"M",16000,80,62
25,12,"M",26000,81,62
25,12,"M",22000,82,62
37,9,"F",1800,70,63
37,9,"F",4616,71,63
37,9,"F",3400,72,63
37,9,"F",6240,73,63
37,9,"F",10418,74,63
37,9,"F",16000,75,63
37,9,"F",10000,76,63
37,9,"F",11500,77,63
37,9,"F",12000,78,63
37,9,"F",12400,79,63
37,9,"F",11800,80,63
37,9,"F",15000,81,63
37,9,"F",15000,82,63
37,9,"F",18300,83,63
37,9,"F",27000,84,63
37,9,"F",28400,85,63
37,9,"F",26000,86,63
37,9,"F",31000,87,63
37,9,"F",24000,88,63
37,9,"F",24000,89,63
37,9,"F",28800,90,63
29,12,"F",2450,68,64
29,12,"F",2400,69,64
29,12,"F",6900,70,64
29,12,"F",2200,71,64
29,12,"F",500,73,64
29,12,"F",32,76,64
29,12,"F",1424,77,64
29,12,"F",2200,78,64
29,12,"F",10132,83,64
29,12,"F",13000,84,64
29,12,"F",17734,87,64
29,12,"F",13500,88,64
29,12,"F",14500,89,64
29,12,"F",22500,90,64
30,12,"F",225,69,65
30,12,"F",880,70,65
30,12,"F",837,75,65
30,12,"F",3676,76,65
30,12,"F",3600,77,65
30,12,"F",7700,78,65
30,12,"F",3700,79,65
30,12,"F",3071,80,65
30,12,"F",6540,81,65
30,12,"F",6000,82,65
30,12,"F",4860,83,65
30,12,"F",6724,84,65
30,12,"F",6200,85,65
30,12,"F",13000,86,65
30,12,"F",20000,87,65
30,12,"F",22000,88,65
30,12,"F",22050,89,65
30,12,"F",22000,90,65
34,11,"F",108,68,66
34,11,"F",3000,76,66
34,11,"F",4500,77,66
34,11,"F",4000,78,66
34,11,"F",4800,79,66
34,11,"F",4000,80,66
34,11,"F",5053,81,66
34,11,"F",8887,82,66
34,11,"F",11000,83,66
34,11,"F",9800,84,66
34,11,"F",6700,85,66
34,11,"F",225,86,66
34,11,"F",4000,87,66
34,11,"F",18000,88,66
34,11,"F",15000,89,66
34,11,"F",20000,90,66
25,9,"M",5200,68,67
25,9,"M",5250,69,67
25,9,"M",14000,70,67
25,9,"M",9900,71,67
25,9,"M",7000,72,67
25,9,"M",9200,73,67
25,9,"M",8500,74,67
25,9,"M",10500,75,67
25,9,"M",2000,76,67
25,9,"M",8200,77,67
25,9,"M",12000,78,67
25,9,"M",13600,79,67
34,8,"M",8933,68,68
34,8,"M",13000,69,68
34,8,"M",13260,70,68
34,8,"M",10071,71,68
34,8,"M",11413,72,68
34,8,"M",17300,73,68
34,8,"M",22784,74,68
34,8,"M",18727,75,68
34,8,"M",18370,76,68
34,8,"M",27830,77,68
34,8,"M",21651,78,68
34,8,"M",30100,79,68
34,8,"M",22800,80,68
34,8,"M",24790,81,68
34,8,"M",27400,82,68
34,8,"M",18500,83,68
34,8,"M",31000,84,68
34,8,"M",45400,85,68
34,8,"M",45000,86,68
34,8,"M",52700,87,68
34,8,"M",41090,88,68
31,12,"M",2500,69,69
31,12,"M",2400,70,69
31,12,"M",3789,71,69
31,12,"M",3671,72,69
31,12,"M",4154,73,69
31,12,"M",4953,74,69
31,12,"M",6780,75,69
31,12,"M",8067,76,69
31,12,"M",8450,77,69
31,12,"M",8103,78,69
31,12,"M",7168,79,69
31,12,"M",2300,80,69
31,12,"M",12000,81,69
31,12,"M",2000,82,69
32,8,"M",6500,68,70
32,8,"M",6300,69,70
32,8,"M",5000,70,70
32,8,"M",3946,71,70
32,8,"M",4000,72,70
32,8,"M",6000,73,70
32,8,"M",6000,74,70
32,8,"M",6500,75,70
32,8,"M",1900,76,70
32,8,"M",8000,77,70
32,8,"M",9000,78,70
32,8,"M",10200,79,70
32,8,"M",9000,80,70
32,8,"M",8000,81,70
32,8,"M",16400,82,70
32,8,"M",20000,83,70
32,8,"M",13000,84,70
34,3,"M",3500,68,71
34,3,"M",2495,69,71
34,3,"M",4000,70,71
34,3,"M",5000,71,71
34,3,"M",3932,72,71
34,3,"M",4000,73,71
34,3,"M",1080,74,71
34,3,"M",700,75,71
34,3,"M",1000,76,71
34,3,"M",4000,77,71
34,3,"M",5000,78,71
34,3,"M",2840,79,71
30,10,"M",6000,68,72
30,10,"M",7000,69,72
30,10,"M",8000,70,72
30,10,"M",7200,71,72
30,10,"M",8500,72,72
30,10,"M",8000,73,72
30,10,"M",11000,74,72
30,10,"M",11000,75,72
30,10,"M",12000,76,72
30,10,"M",11000,77,72
30,10,"M",14000,78,72
30,10,"M",14000,79,72
30,10,"M",14000,80,72
30,10,"M",17150,81,72
30,10,"M",17000,82,72
30,10,"M",20000,83,72
30,10,"M",21060,84,72
30,10,"M",13202,85,72
30,10,"M",30152,86,72
30,10,"M",25000,87,72
30,10,"M",6000,88,72
30,10,"M",13225,89,72
30,10,"M",15000,90,72
30,8,"M",5000,68,73
30,8,"M",5000,69,73
30,8,"M",5000,70,73
30,8,"M",11200,71,73
30,8,"M",9563,72,73
30,8,"M",12850,73,73
30,8,"M",8050,74,73
30,8,"M",8538,75,73
30,8,"M",15070,76,73
30,8,"M",11000,77,73
30,8,"M",13000,78,73
30,8,"M",15260,79,73
30,8,"M",8494,80,73
30,8,"M",10005,81,73
30,8,"M",13000,82,73
30,8,"M",18000,83,73
27,7,"F",900,68,74
27,7,"F",2000,71,74
27,7,"F",2700,73,74
27,7,"F",6500,74,74
27,7,"F",2332,75,74
27,7,"F",3500,76,74
27,7,"F",2622,77,74
27,7,"F",3000,78,74
27,7,"F",4900,79,74
27,7,"F",10166,80,74
27,7,"F",6000,81,74
27,7,"F",8000,82,74
27,7,"F",10500,83,74
28,14,"M",7800,68,75
28,14,"M",8300,69,75
28,14,"M",9800,70,75
28,14,"M",11400,71,75
28,14,"M",12250,72,75
28,14,"M",13300,73,75
28,14,"M",14800,74,75
28,14,"M",16040,75,75
28,14,"M",20520,76,75
28,14,"M",20210,77,75
28,14,"M",21200,78,75
28,14,"M",29050,79,75
28,14,"M",24006,80,75
28,14,"M",27005,81,75
28,14,"M",28410,82,75
28,14,"M",30012,83,75
28,14,"M",32077,84,75
28,14,"M",36000,85,75
28,14,"M",36300,86,75
28,14,"M",38025,87,75
28,14,"M",42723,88,75
28,14,"M",42022,89,75
28,14,"M",43780,90,75
37,13,"M",8975,68,76
37,13,"M",12100,69,76
37,13,"M",12200,70,76
37,13,"M",12300,71,76
37,13,"M",11878,72,76
37,13,"M",13375,73,76
37,13,"M",15831,74,76
37,13,"M",17020,75,76
37,13,"M",16512,76,76
37,13,"M",16420,77,76
37,13,"M",19920,78,76
37,13,"M",21462,79,76
37,13,"M",22117,80,76
37,13,"M",27000,81,76
37,13,"M",32080,82,76
37,13,"M",32560,83,76
37,13,"M",32150,84,76
37,13,"M",32200,85,76
37,13,"M",35200,86,76
37,13,"M",37200,87,76
37,13,"M",39500,88,76
37,13,"M",39550,89,76
37,13,"M",50100,90,76
39,5,"F",1440,70,77
39,5,"F",2184,71,77
39,5,"F",1512,72,77
39,5,"F",1920,73,77
39,5,"F",3850,74,77
39,5,"F",6500,75,77
39,5,"F",3510,76,77
39,5,"F",5665,77,77
39,5,"F",3420,78,77
39,5,"F",4000,79,77
39,5,"F",6240,80,77
39,5,"F",7000,81,77
39,5,"F",7852,82,77
39,5,"F",8500,83,77
39,5,"F",8840,84,77
39,5,"F",8000,85,77
39,5,"F",8500,86,77
39,5,"F",3000,87,77
39,5,"F",8320,88,77
39,5,"F",7000,89,77
39,5,"F",6545,90,77
25,12,"F",4199,68,78
25,12,"F",4550,69,78
25,12,"F",5000,70,78
25,12,"F",5050,71,78
25,12,"F",6050,72,78
25,12,"F",7380,73,78
25,12,"F",7500,74,78
25,12,"F",8492,75,78
25,12,"F",9521,76,78
25,12,"F",10040,77,78
25,12,"F",11050,78,78
25,12,"F",11530,79,78
25,12,"F",12050,80,78
25,12,"F",13080,81,78
25,12,"F",15090,82,78
25,12,"F",18200,83,78
25,12,"F",18850,84,78
25,12,"F",19000,85,78
25,12,"F",21000,86,78
25,12,"F",21740,87,78
25,12,"F",21000,88,78
25,12,"F",22000,89,78
25,12,"F",25560,90,78
36,12,"F",200,68,79
36,12,"F",1000,70,79
36,12,"F",344,71,79
36,12,"F",2000,72,79
36,12,"F",600,73,79
36,12,"F",1000,74,79
36,12,"F",3700,75,79
36,12,"F",3000,76,79
36,12,"F",4250,77,79
36,12,"F",4000,78,79
36,12,"F",4644,79,79
36,12,"F",4100,80,79
36,12,"F",5600,81,79
36,12,"F",5887,82,79
36,12,"F",6250,83,79
36,12,"F",294,86,79
36,12,"F",6000,87,79
36,12,"F",5000,88,79
36,12,"F",6820,89,79
36,12,"F",6000,90,79
29,6,"F",500,68,80
29,6,"F",20,69,80
29,6,"F",300,70,80
29,6,"F",200,71,80
29,6,"F",1080,72,80
29,6,"F",1000,73,80
29,6,"F",600,74,80
29,6,"F",600,75,80
29,6,"F",1940,77,80
29,6,"F",1250,78,80
29,6,"F",1300,79,80
29,6,"F",1000,80,80
29,6,"F",316,81,80
29,6,"F",1398,82,80
29,6,"F",871,83,80
29,6,"F",1760,84,80
29,6,"F",6240,85,80
29,6,"F",1000,86,80
29,6,"F",200,87,80
34,12,"F",4800,72,81
34,12,"F",4378,73,81
34,12,"F",2800,74,81
34,12,"F",4899,75,81
34,12,"F",4250,76,81
34,12,"F",1600,77,81
34,12,"F",2000,78,81
34,12,"F",7929,79,81
34,12,"F",12000,80,81
34,12,"F",18500,81,81
34,12,"F",25000,82,81
34,12,"F",24369,83,81
34,12,"F",19000,84,81
34,12,"F",21000,85,81
34,12,"F",21350,86,81
34,12,"F",24000,87,81
34,12,"F",23792,88,81
34,12,"F",25000,89,81
34,12,"F",26000,90,81
38,16,"F",1200,68,82
38,16,"F",1900,69,82
38,16,"F",1800,70,82
38,16,"F",2500,71,82
38,16,"F",3000,72,82
38,16,"F",3200,73,82
38,16,"F",3500,74,82
38,16,"F",4300,75,82
38,16,"F",4300,76,82
38,16,"F",5250,77,82
38,16,"F",6400,78,82
38,16,"F",6500,79,82
38,16,"F",5500,80,82
38,16,"F",8500,81,82
38,16,"F",9000,82,82
38,16,"F",9400,83,82
38,16,"F",10500,84,82
38,16,"F",11730,85,82
38,16,"F",12250,86,82
38,16,"F",12140,87,82
38,16,"F",12300,88,82
38,16,"F",14000,89,82
38,16,"F",14810,90,82
25,16,"F",3000,68,83
25,16,"F",34,69,83
25,16,"F",2473,70,83
25,16,"F",8500,71,83
25,16,"F",10000,72,83
25,16,"F",11200,73,83
25,16,"F",12273,74,83
25,16,"F",12000,75,83
25,16,"F",13000,76,83
25,16,"F",15000,77,83
25,16,"F",14000,78,83
25,16,"F",15000,79,83
25,16,"F",19000,80,83
25,16,"F",17000,81,83
25,16,"F",17000,82,83
25,16,"F",20000,83,83
25,16,"F",21000,84,83
25,16,"F",22000,85,83
25,16,"F",35800,86,83
25,16,"F",36000,87,83
25,16,"F",37100,88,83
25,16,"F",38200,89,83
25,16,"F",41700,90,83
27,12,"F",3120,68,84
27,12,"F",6448,69,84
27,12,"F",5264,70,84
27,12,"F",600,71,84
27,12,"F",990,72,84
27,12,"F",4758,73,84
27,12,"F",5070,74,84
27,12,"F",5594,75,84
27,12,"F",7000,76,84
27,12,"F",1980,77,84
27,12,"F",1470,78,84
27,12,"F",9466,79,84
27,12,"F",8400,80,84
27,12,"F",10560,81,84
27,12,"F",10000,82,84
27,12,"F",10218,83,84
27,12,"F",12532,84,84
27,12,"F",12087,85,84
27,12,"F",6854,86,84
27,12,"F",15000,87,84
27,12,"F",15000,88,84
27,12,"F",16915,89,84
27,12,"F",16205,90,84
33,6,"M",3000,68,85
33,6,"M",3432,69,85
33,6,"M",3651,70,85
33,6,"M",4200,71,85
33,6,"M",2000,72,85
33,6,"M",3093,73,85
33,6,"M",4000,74,85
33,6,"M",2890,75,85
33,6,"M",4200,76,85
33,6,"M",4800,77,85
33,6,"M",4437,78,85
33,6,"M",6500,79,85
33,6,"M",7200,80,85
33,6,"M",7280,81,85
33,6,"M",8840,82,85
33,6,"M",7133,83,85
33,6,"M",4050,84,85
33,6,"M",6000,85,85
33,6,"M",7000,86,85
33,6,"M",10000,87,85
33,6,"M",10000,88,85
33,6,"M",2000,89,85
